0,2019-01-31T12:00:00+0000
1,2019-01-30T13:01:00+0000
2,2019-01-30T10:37:12+0000
3,2019-01-30T04:00:01+0000
4,2019-01-29T09:20:18+0000
5,2019-01-28T12:00:01+0000
6,2019-01-25T12:00:00+0000
7,2019-01-25T10:00:01+0000
8,2019-01-24T10:00:00+0000
9,2019-01-24T04:01:40+0000
10,2019-01-22T12:20:22+0000
11,2019-01-21T10:00:01+0000
12,2019-01-18T10:00:05+0000
13,2019-01-16T10:00:04+0000
14,2019-01-16T04:17:21+0000
15,2019-01-15T10:00:00+0000
16,2019-01-15T09:00:00+0000
17,2019-01-14T12:00:00+0000
18,2019-01-14T10:00:00+0000
19,2019-01-14T02:00:00+0000
20,2019-01-11T12:00:00+0000
21,2019-01-11T10:01:51+0000
22,2019-01-10T10:00:00+0000
23,2019-01-09T12:00:01+0000
24,2019-01-09T10:00:01+0000
25,2019-01-07T12:00:01+0000
26,2019-01-04T02:00:48+0000
27,2019-01-03T10:00:00+0000
28,2019-01-03T09:08:07+0000
29,2019-01-02T14:00:00+0000
30,2019-01-02T10:00:00+0000
31,2019-01-02T06:02:07+0000
32,2019-01-02T02:00:00+0000
33,2018-12-28T12:00:01+0000
34,2018-12-28T06:24:58+0000
35,2018-12-28T05:35:24+0000
36,2018-12-27T10:00:01+0000
37,2018-12-25T12:00:01+0000
38,2018-12-25T02:00:16+0000
39,2018-12-24T12:00:01+0000
40,2018-12-24T09:00:00+0000
41,2018-12-24T04:00:00+0000
42,2018-12-22T12:00:01+0000
43,2018-12-21T12:00:00+0000
44,2018-12-20T10:09:03+0000
45,2018-12-20T04:00:00+0000
46,2018-12-19T10:30:00+0000
47,2018-12-18T12:00:01+0000
48,2018-12-17T04:00:00+0000
49,2018-12-16T16:00:01+0000
50,2018-12-14T12:00:01+0000
51,2018-12-14T07:35:53+0000
52,2018-12-14T07:34:36+0000
53,2018-12-14T03:38:39+0000
54,2018-12-13T12:00:01+0000
55,2018-12-13T10:00:00+0000
56,2018-12-13T02:15:00+0000
57,2018-12-12T10:00:01+0000
58,2018-12-12T07:00:00+0000
59,2018-12-12T04:00:02+0000
60,2018-12-10T10:02:14+0000
61,2018-12-07T10:00:00+0000
62,2018-12-07T02:00:01+0000
63,2018-12-06T10:00:01+0000
64,2018-12-06T10:00:00+0000
65,2018-12-06T04:00:00+0000
66,2018-12-04T16:00:00+0000
67,2018-12-04T10:00:10+0000
68,2018-12-04T04:30:00+0000
69,2018-12-03T09:00:01+0000
70,2018-12-03T02:47:00+0000
71,2018-12-02T12:57:00+0000
72,2018-12-01T15:06:05+0000
73,2018-12-01T10:00:00+0000
74,2018-11-30T04:00:01+0000
75,2018-11-29T10:00:01+0000
76,2018-11-29T04:00:00+0000
77,2018-11-27T10:30:00+0000
78,2018-11-27T10:02:00+0000
79,2018-11-27T04:00:00+0000
80,2018-11-26T10:30:01+0000
81,2018-11-26T10:00:15+0000
82,2018-11-26T09:00:00+0000
83,2018-11-25T01:42:57+0000
84,2018-11-23T09:16:49+0000
85,2018-11-23T02:00:14+0000
86,2018-11-22T10:00:44+0000
87,2018-11-22T07:00:06+0000
88,2018-11-22T04:00:02+0000
89,2018-11-21T10:00:00+0000
90,2018-11-16T06:39:13+0000
91,2018-11-20T10:00:01+0000
92,2018-11-20T04:31:31+0000
93,2018-11-19T09:00:02+0000
94,2018-11-16T10:05:00+0000
95,2018-11-15T10:00:00+0000
96,2018-11-13T12:00:02+0000
97,2018-11-12T10:00:01+0000
98,2018-11-12T09:00:01+0000
99,2018-11-09T16:00:01+0000
100,2018-11-09T04:00:00+0000
101,2018-11-07T10:00:00+0000
102,2018-11-06T10:00:01+0000
103,2018-11-06T08:00:00+0000
104,2018-11-04T11:12:40+0000
105,2018-11-01T11:01:56+0000
106,2018-10-31T10:00:00+0000
107,2018-10-31T04:00:01+0000
108,2018-10-29T10:00:01+0000
109,2018-10-25T10:30:01+0000
110,2018-10-24T10:00:01+0000
111,2018-10-19T10:00:01+0000
112,2018-10-19T03:00:09+0000
113,2018-10-17T11:07:21+0000
114,2018-10-16T10:00:01+0000
115,2018-10-11T03:58:54+0000
116,2018-10-08T10:00:01+0000
117,2018-10-08T04:00:01+0000
118,2018-10-05T11:00:38+0000
119,2018-10-03T10:00:08+0000
120,2018-10-03T08:27:33+0000
121,2018-10-02T10:31:00+0000
122,2018-09-30T10:00:00+0000
123,2018-09-29T06:39:04+0000
124,2018-09-28T03:47:46+0000
125,2018-09-28T03:00:01+0000
126,2018-09-28T01:36:15+0000
127,2018-09-27T10:00:01+0000
128,2018-09-27T09:24:18+0000
129,2018-09-24T03:00:00+0000
130,2018-09-23T16:00:01+0000
131,2018-09-22T04:00:00+0000
132,2018-09-21T04:30:21+0000
133,2018-09-21T04:00:01+0000
134,2018-09-20T10:00:00+0000
135,2018-09-20T03:00:01+0000
136,2018-09-19T03:30:00+0000
137,2018-09-17T10:00:01+0000
138,2018-09-17T10:00:01+0000
139,2018-09-17T03:30:00+0000
140,2018-09-15T12:05:32+0000
141,2018-09-14T10:22:36+0000
142,2018-09-14T09:30:00+0000
143,2018-09-14T04:00:00+0000
144,2018-09-14T03:30:00+0000
145,2018-09-12T06:45:22+0000
146,2018-09-12T03:30:00+0000
147,2018-09-11T10:00:01+0000
148,2018-09-11T04:30:00+0000
149,2018-09-10T10:38:35+0000
150,2018-09-10T04:30:00+0000
151,2018-09-10T03:30:01+0000
152,2018-09-08T03:30:01+0000
153,2018-09-07T04:05:48+0000
154,2018-09-06T10:15:03+0000
155,2018-09-05T11:12:18+0000
156,2018-09-05T09:30:00+0000
157,2018-09-05T03:37:09+0000
158,2018-09-05T03:08:36+0000
159,2018-09-04T11:53:18+0000
160,2018-09-04T10:16:46+0000
161,2018-09-04T10:00:01+0000
162,2018-09-03T09:22:10+0000
163,2018-08-30T07:00:02+0000
164,2018-08-28T10:30:00+0000
165,2018-08-28T10:00:01+0000
166,2018-08-27T08:00:00+0000
167,2018-08-27T06:10:42+0000
168,2018-08-22T09:19:04+0000
169,2018-08-22T08:00:01+0000
170,2018-08-21T10:31:00+0000
171,2018-08-21T04:01:44+0000
172,2018-08-20T05:03:28+0000
173,2018-08-19T03:21:17+0000
174,2018-08-17T09:00:00+0000
175,2018-08-16T11:07:47+0000
176,2018-08-14T15:30:49+0000
177,2018-08-14T10:31:27+0000
178,2018-08-14T09:24:14+0000
179,2018-08-13T10:30:55+0000
180,2018-08-13T04:00:01+0000
181,2018-08-11T06:00:00+0000
182,2018-08-10T10:12:29+0000
183,2018-08-09T11:13:08+0000
184,2018-08-08T10:54:53+0000
185,2018-08-08T03:11:07+0000
186,2018-08-07T08:54:31+0000
187,2018-08-06T08:30:01+0000
188,2018-08-05T10:00:01+0000
189,2018-08-03T12:00:01+0000
190,2018-08-03T10:30:00+0000
191,2018-08-02T11:30:01+0000
192,2018-08-01T10:00:01+0000
193,2018-08-01T09:58:40+0000
194,2018-07-30T10:30:00+0000
195,2018-07-29T05:37:00+0000
196,2018-07-28T07:21:43+0000
197,2018-07-27T09:02:54+0000
198,2018-07-25T11:00:37+0000
199,2018-07-24T10:00:00+0000
200,2018-07-24T02:00:00+0000
201,2018-07-23T10:30:00+0000
202,2018-07-19T09:24:24+0000
203,2018-07-18T10:30:00+0000
204,2018-07-18T04:10:18+0000
205,2018-07-13T08:27:43+0000
206,2018-07-13T04:00:01+0000
207,2018-07-12T11:00:01+0000
208,2018-07-12T10:30:00+0000
209,2018-07-12T04:00:01+0000
210,2018-07-11T10:30:00+0000
211,2018-07-11T04:00:01+0000
212,2018-07-09T10:42:38+0000
213,2018-07-09T06:26:32+0000
214,2018-07-06T08:08:56+0000
215,2018-07-03T01:24:42+0000
216,2018-07-02T07:39:28+0000
217,2018-07-02T02:00:00+0000
218,2018-07-01T10:00:01+0000
219,2018-07-01T05:34:21+0000
220,2018-06-30T07:41:47+0000
221,2018-06-29T11:02:21+0000
222,2018-06-29T10:30:00+0000
223,2018-06-29T06:49:40+0000
224,2018-06-25T04:00:01+0000
225,2018-06-21T09:00:01+0000
226,2018-06-18T04:00:00+0000
227,2018-06-15T04:00:01+0000
228,2018-06-14T10:00:00+0000
229,2018-06-13T10:00:01+0000
230,2018-06-07T10:30:01+0000
231,2018-06-07T10:00:01+0000
232,2018-06-05T10:30:00+0000
233,2018-06-04T10:00:00+0000
234,2018-06-04T07:42:57+0000
235,2018-06-01T10:30:00+0000
236,2018-06-01T03:06:48+0000
237,2018-05-31T10:00:01+0000
238,2018-05-28T08:30:01+0000
239,2018-05-28T07:00:01+0000
240,2018-05-25T10:30:00+0000
241,2018-05-24T10:30:00+0000
242,2018-05-21T10:30:00+0000
243,2018-05-21T10:00:01+0000
244,2018-05-20T10:00:01+0000
245,2018-05-20T07:01:12+0000
246,2018-05-20T06:26:02+0000
247,2018-05-16T10:00:10+0000
248,2018-05-16T08:00:10+0000
249,2018-05-16T07:00:01+0000
250,2018-05-15T11:13:51+0000
251,2018-05-14T10:00:01+0000
252,2018-05-11T10:00:01+0000
253,2018-05-10T10:00:01+0000
254,2018-05-04T11:02:00+0000
255,2018-05-04T09:16:49+0000
256,2018-05-02T10:03:05+0000
257,2018-05-02T06:19:21+0000
258,2018-04-27T10:30:00+0000
259,2018-04-20T12:00:05+0000
260,2018-04-20T09:30:00+0000
261,2018-04-18T04:00:00+0000
262,2018-04-16T02:30:00+0000
263,2018-04-14T10:00:01+0000
264,2018-04-13T11:00:20+0000
265,2018-04-11T10:00:01+0000
266,2018-04-03T13:21:02+0000
267,2018-04-02T06:00:01+0000
268,2018-04-01T05:08:54+0000
269,2018-03-31T16:00:00+0000
270,2018-03-29T10:30:00+0000
271,2018-03-29T04:01:24+0000
272,2018-03-28T08:49:21+0000
273,2018-03-27T10:32:40+0000
274,2018-03-27T03:44:31+0000
275,2018-03-26T10:00:01+0000
276,2018-03-26T07:02:40+0000
277,2018-03-25T06:11:59+0000
278,2018-03-23T10:02:30+0000
279,2018-03-21T12:00:38+0000
280,2018-03-21T10:00:31+0000
281,2018-03-16T10:30:00+0000
282,2018-03-16T04:00:00+0000
283,2018-03-16T01:30:00+0000
284,2018-03-15T11:00:01+0000
285,2018-03-15T08:00:00+0000
286,2018-03-13T12:30:00+0000
287,2018-03-13T04:00:00+0000
288,2018-03-12T11:00:33+0000
289,2018-03-12T07:00:00+0000
290,2018-03-12T04:00:00+0000
291,2018-03-10T07:00:00+0000
292,2018-03-08T10:00:00+0000
293,2018-03-08T08:00:00+0000
294,2018-03-08T04:00:00+0000
295,2018-03-07T04:30:00+0000
296,2018-03-06T12:05:00+0000
297,2018-03-05T10:00:00+0000
298,2018-03-05T08:35:00+0000
299,2018-03-01T10:00:00+0000
300,2018-03-01T04:10:00+0000
301,2018-02-26T02:55:32+0000
302,2018-02-22T10:57:40+0000
303,2018-02-15T12:00:00+0000
304,2018-02-14T01:00:00+0000
305,2018-02-13T10:00:00+0000
306,2018-02-09T10:30:00+0000
307,2018-02-09T10:00:00+0000
308,2018-02-09T09:02:07+0000
309,2018-02-08T10:00:00+0000
310,2018-02-07T09:18:55+0000
311,2018-02-06T10:31:33+0000
312,2018-02-06T10:00:00+0000
313,2018-02-06T09:40:06+0000
314,2018-02-02T10:30:00+0000
315,2018-02-01T08:40:00+0000
316,2018-01-31T02:00:00+0000
317,2018-01-30T13:30:00+0000
318,2018-01-30T06:02:43+0000
319,2018-01-26T10:30:00+0000
320,2018-01-26T08:30:00+0000
321,2018-01-26T05:16:37+0000
322,2018-01-26T02:00:00+0000
323,2018-01-23T10:55:09+0000
324,2018-01-23T04:00:00+0000
325,2018-01-23T02:00:00+0000
326,2018-01-22T10:25:00+0000
327,2018-01-19T10:00:00+0000
328,2018-01-19T10:00:00+0000
329,2018-01-18T10:00:00+0000
330,2018-01-18T06:05:10+0000
331,2018-01-17T10:20:31+0000
332,2018-01-17T10:05:22+0000
333,2018-01-16T10:37:54+0000
334,2018-01-14T10:00:00+0000
335,2018-01-11T10:00:00+0000
336,2018-01-09T10:40:00+0000
337,2018-01-08T04:00:00+0000
338,2018-01-06T10:30:00+0000
339,2018-01-06T10:00:00+0000
340,2018-01-05T10:30:00+0000
341,2018-01-05T02:52:33+0000
342,2018-01-03T10:00:00+0000
343,2018-01-01T00:00:00+0000
344,2017-12-28T07:00:00+0000
345,2017-12-28T04:00:00+0000
346,2017-12-27T07:00:00+0000
347,2017-12-26T10:00:00+0000
348,2017-12-25T17:18:43+0000
349,2017-12-25T11:07:49+0000
350,2017-12-25T10:00:00+0000
351,2017-12-25T04:00:00+0000
352,2017-12-23T04:00:00+0000
353,2017-12-22T07:00:00+0000
354,2017-12-22T04:00:00+0000
355,2017-12-21T11:00:00+0000
356,2017-12-21T10:30:00+0000
357,2017-12-21T08:30:00+0000
358,2017-12-20T08:00:00+0000
359,2017-12-20T04:00:00+0000
360,2017-12-17T04:00:00+0000
361,2017-12-17T01:00:00+0000
362,2017-12-15T10:33:03+0000
363,2017-12-14T07:30:14+0000
364,2017-12-13T12:00:00+0000
365,2017-12-13T10:09:20+0000
366,2017-12-13T02:12:52+0000
367,2017-12-12T06:00:00+0000
368,2017-12-08T15:27:02+0000
369,2017-12-08T10:43:40+0000
370,2017-12-08T10:30:00+0000
371,2017-12-07T13:27:18+0000
372,2017-12-07T10:00:00+0000
373,2017-12-07T04:00:00+0000
374,2017-12-06T10:00:00+0000
375,2017-12-06T08:46:01+0000
376,2017-12-06T02:50:00+0000
377,2017-12-04T02:00:01+0000
378,2017-12-02T01:00:00+0000
379,2017-12-01T16:00:00+0000
380,2017-12-01T10:14:39+0000
381,2017-12-01T10:00:00+0000
382,2017-12-01T04:00:00+0000
383,2017-12-01T04:00:00+0000
384,2017-11-30T02:00:01+0000
385,2017-11-29T13:02:40+0000
386,2017-11-29T04:00:00+0000
387,2017-11-28T10:30:00+0000
388,2017-11-28T10:02:39+0000
389,2017-11-28T10:00:00+0000
390,2017-11-28T07:00:00+0000
391,2017-11-28T04:00:00+0000
392,2017-11-27T06:27:47+0000
393,2017-11-26T04:00:00+0000
394,2017-11-24T10:00:00+0000
395,2017-11-22T10:00:00+0000
396,2017-11-20T04:00:00+0000
397,2017-11-16T05:29:38+0000
398,2017-11-15T09:38:44+0000
399,2017-11-12T06:01:56+0000
400,2017-11-10T10:30:00+0000
401,2017-11-10T04:00:00+0000
402,2017-11-08T10:00:00+0000
403,2017-11-05T04:00:56+0000
404,2017-11-01T10:30:00+0000
405,2017-11-01T10:00:00+0000
406,2017-10-31T08:30:00+0000
407,2017-10-31T08:25:08+0000
408,2017-10-28T07:15:47+0000
409,2017-10-27T07:41:01+0000
410,2017-10-25T07:00:00+0000
411,2017-10-25T04:00:00+0000
412,2017-10-22T16:00:00+0000
413,2017-10-22T03:12:54+0000
414,2017-10-21T13:12:15+0000
415,2017-10-20T10:00:00+0000
416,2017-10-20T08:40:51+0000
417,2017-10-19T04:00:00+0000
418,2017-10-18T06:09:41+0000
419,2017-10-17T04:00:00+0000
420,2017-10-16T04:00:01+0000
421,2017-10-15T16:00:00+0000
422,2017-10-14T13:03:40+0000
423,2017-10-14T10:00:00+0000
424,2017-10-13T10:34:15+0000
425,2017-10-13T08:08:59+0000
426,2017-10-12T12:00:00+0000
427,2017-10-12T10:00:00+0000
428,2017-10-12T04:00:00+0000
429,2017-10-11T10:30:00+0000
430,2017-10-11T10:00:00+0000
431,2017-10-10T10:00:00+0000
432,2017-10-10T04:00:00+0000
433,2017-10-08T10:00:00+0000
434,2017-10-06T10:00:00+0000
435,2017-10-06T08:40:00+0000
436,2017-10-05T14:56:22+0000
437,2017-10-05T11:27:57+0000
438,2017-10-04T01:00:00+0000
439,2017-10-03T07:00:00+0000
440,2017-10-02T10:00:00+0000
441,2017-10-02T04:30:00+0000
442,2017-10-02T04:00:00+0000
443,2017-09-30T10:44:39+0000
444,2017-09-29T10:00:00+0000
445,2017-09-26T04:03:48+0000
446,2017-09-26T01:44:28+0000
447,2017-09-25T10:03:56+0000
448,2017-09-25T05:00:01+0000
449,2017-09-23T08:57:55+0000
450,2017-09-22T12:38:16+0000
451,2017-09-21T10:14:23+0000
452,2017-09-21T05:37:57+0000
453,2017-09-20T06:06:30+0000
454,2017-09-20T05:35:48+0000
455,2017-09-19T04:00:00+0000
456,2017-09-18T05:54:24+0000
457,2017-09-16T08:08:32+0000
458,2017-09-15T10:00:00+0000
459,2017-09-15T08:51:20+0000
460,2017-09-15T03:00:00+0000
461,2017-09-12T10:55:16+0000
462,2017-09-12T10:52:50+0000
463,2017-09-12T10:00:00+0000
464,2017-09-11T12:00:00+0000
465,2017-09-10T04:00:00+0000
466,2017-09-09T09:31:15+0000
467,2017-09-08T08:48:51+0000
468,2017-09-08T07:00:00+0000
469,2017-09-08T03:47:20+0000
470,2017-09-07T09:00:00+0000
471,2017-09-07T06:00:08+0000
472,2017-09-05T08:00:00+0000
473,2017-09-04T10:02:46+0000
474,2017-09-04T04:40:00+0000
475,2017-09-01T12:00:00+0000
476,2017-09-01T10:00:00+0000
477,2017-09-01T07:04:32+0000
478,2017-09-01T07:00:00+0000
479,2017-09-01T03:00:00+0000
480,2017-08-31T10:00:00+0000
481,2017-08-30T03:36:15+0000
482,2017-08-27T10:00:00+0000
483,2017-08-26T09:52:36+0000
484,2017-08-25T12:00:00+0000
485,2017-08-24T04:18:54+0000
486,2017-08-23T08:56:54+0000
487,2017-08-23T07:00:00+0000
488,2017-08-22T10:55:49+0000
489,2017-08-20T11:20:48+0000
490,2017-08-20T11:04:00+0000
491,2017-08-18T05:13:55+0000
492,2017-08-17T12:00:00+0000
493,2017-08-17T09:12:46+0000
494,2017-08-17T04:09:56+0000
495,2017-08-16T10:00:00+0000
496,2017-08-15T12:00:00+0000
497,2017-08-15T10:41:06+0000
498,2017-08-14T02:00:00+0000
499,2017-08-11T07:00:00+0000
500,2017-08-08T06:30:00+0000
501,2017-08-06T08:30:51+0000
502,2017-08-04T04:00:00+0000
503,2017-07-31T02:00:00+0000
504,2017-07-28T10:51:54+0000
505,2017-07-28T09:52:48+0000
506,2017-07-28T07:30:48+0000
507,2017-07-25T05:42:13+0000
508,2017-07-25T04:12:57+0000
509,2017-07-24T12:57:48+0000
510,2017-07-24T03:37:58+0000
511,2017-07-21T12:00:00+0000
512,2017-07-21T10:00:00+0000
513,2017-07-21T04:00:00+0000
514,2017-07-20T09:59:03+0000
515,2017-07-19T10:20:19+0000
516,2017-07-18T08:00:00+0000
517,2017-07-17T04:00:00+0000
518,2017-07-14T10:00:00+0000
519,2017-07-14T06:34:36+0000
520,2017-07-14T04:03:05+0000
521,2017-07-13T05:18:33+0000
522,2017-07-13T03:47:03+0000
523,2017-07-12T04:10:00+0000
524,2017-07-11T10:30:00+0000
525,2017-07-10T05:28:28+0000
526,2017-07-05T08:00:51+0000
527,2017-07-04T12:30:00+0000
528,2017-07-03T14:07:09+0000
529,2017-07-03T10:00:00+0000
530,2017-07-03T09:00:00+0000
531,2017-07-03T04:00:46+0000
532,2017-07-02T12:37:53+0000
533,2017-07-02T05:59:34+0000
534,2017-07-01T13:22:49+0000
535,2017-07-01T10:30:29+0000
536,2017-06-30T13:02:37+0000
537,2017-06-30T12:30:00+0000
538,2017-06-30T07:23:55+0000
539,2017-06-28T04:00:46+0000
540,2017-06-28T01:47:28+0000
541,2017-06-27T10:00:00+0000
542,2017-06-27T06:09:25+0000
543,2017-06-27T03:54:20+0000
544,2017-06-26T08:43:52+0000
545,2017-06-23T06:39:35+0000
546,2017-06-16T12:00:00+0000
547,2017-06-15T12:00:00+0000
548,2017-06-15T10:38:08+0000
549,2017-06-15T04:54:30+0000
550,2017-06-14T11:00:00+0000
551,2017-06-14T04:00:00+0000
552,2017-06-13T10:00:00+0000
553,2017-06-13T08:52:40+0000
554,2017-06-12T10:00:00+0000
555,2017-06-09T09:00:00+0000
556,2017-06-08T10:00:00+0000
557,2017-06-05T10:00:00+0000
558,2017-06-02T09:30:00+0000
559,2017-06-01T10:00:00+0000
560,2017-05-31T09:40:41+0000
561,2017-05-26T10:30:00+0000
562,2017-05-26T09:00:00+0000
563,2017-05-25T10:30:00+0000
564,2017-05-24T10:00:00+0000
565,2017-05-23T12:00:00+0000
566,2017-05-21T08:32:15+0000
567,2017-05-21T07:56:30+0000
568,2017-05-19T09:45:25+0000
569,2017-05-18T09:06:10+0000
570,2017-05-18T04:00:00+0000
571,2017-05-17T14:18:45+0000
572,2017-05-12T09:09:24+0000
573,2017-05-10T12:00:00+0000
574,2017-05-09T02:56:38+0000
575,2017-05-04T10:25:18+0000
576,2017-05-03T08:10:39+0000
577,2017-05-02T12:00:00+0000
578,2017-05-01T13:30:00+0000
579,2017-04-29T13:30:00+0000
580,2017-04-28T13:30:00+0000
581,2017-04-28T06:20:48+0000
582,2017-04-27T13:30:00+0000
583,2017-04-27T03:39:00+0000
584,2017-04-26T14:11:16+0000
585,2017-04-26T03:30:00+0000
586,2017-04-25T13:30:00+0000
587,2017-04-25T10:00:00+0000
588,2017-04-24T13:30:00+0000
589,2017-04-24T08:52:01+0000
590,2017-04-23T13:30:00+0000
591,2017-04-23T08:00:10+0000
592,2017-04-22T13:30:00+0000
593,2017-04-21T13:30:00+0000
594,2017-04-21T02:13:35+0000
595,2017-04-20T13:30:00+0000
596,2017-04-20T10:00:00+0000
597,2017-04-20T01:01:28+0000
598,2017-04-19T13:30:00+0000
599,2017-04-19T06:26:05+0000
600,2017-04-19T04:02:34+0000
601,2017-04-18T13:30:07+0000
602,2017-04-18T13:30:00+0000
603,2017-04-18T10:00:00+0000
604,2017-04-17T13:30:00+0000
605,2017-04-17T12:00:00+0000
606,2017-04-16T15:00:03+0000
607,2017-04-14T13:10:15+0000
608,2017-04-13T08:34:27+0000
609,2017-04-12T10:00:00+0000
610,2017-04-12T10:00:00+0000
611,2017-04-12T09:25:29+0000
612,2017-04-10T10:00:00+0000
613,2017-04-06T12:00:00+0000
614,2017-04-06T02:39:09+0000
615,2017-04-01T16:00:00+0000
616,2017-04-01T04:30:00+0000
617,2017-03-31T03:13:06+0000
618,2017-03-30T16:00:00+0000
619,2017-03-30T10:00:01+0000
620,2017-03-29T12:00:10+0000
621,2017-03-29T06:48:00+0000
622,2017-03-28T04:32:10+0000
623,2017-03-27T10:00:00+0000
624,2017-03-25T07:28:52+0000
625,2017-03-23T10:00:00+0000
626,2017-03-20T07:00:00+0000
627,2017-03-18T10:30:00+0000
628,2017-03-17T12:00:01+0000
629,2017-03-16T10:00:01+0000
630,2017-03-15T10:00:32+0000
631,2017-03-15T08:10:03+0000
632,2017-03-14T10:00:01+0000
633,2017-03-13T10:30:00+0000
634,2017-03-12T03:14:07+0000
635,2017-03-10T04:30:12+0000
636,2017-03-09T10:00:00+0000
637,2017-03-09T01:26:26+0000
638,2017-03-07T10:00:01+0000
639,2017-03-07T07:58:11+0000
640,2017-03-04T11:21:13+0000
641,2017-03-03T13:54:00+0000
642,2017-03-02T10:00:01+0000
643,2017-03-02T10:00:00+0000
644,2017-03-02T03:19:01+0000
645,2017-03-01T10:00:03+0000
646,2017-02-27T10:00:01+0000
647,2017-02-24T16:00:36+0000
648,2017-02-24T10:00:04+0000
649,2017-02-24T09:01:16+0000
650,2017-02-24T09:00:00+0000
651,2017-02-21T10:00:02+0000
652,2017-02-20T08:17:02+0000
653,2017-02-19T09:14:01+0000
654,2017-02-16T10:00:00+0000
655,2017-02-14T10:00:05+0000
656,2017-02-13T08:38:54+0000
657,2017-02-13T03:59:01+0000
658,2017-02-10T12:00:01+0000
659,2017-02-10T10:00:07+0000
660,2017-02-10T02:00:01+0000
661,2017-02-09T10:00:01+0000
662,2017-02-08T10:00:00+0000
663,2017-02-04T04:00:00+0000
664,2017-02-03T09:30:00+0000
665,2017-02-03T04:00:00+0000
666,2017-02-02T10:00:00+0000
667,2017-02-01T16:00:02+0000
668,2017-01-26T09:05:00+0000
669,2017-01-26T09:00:00+0000
670,2017-01-26T08:00:00+0000
671,2017-01-25T07:00:00+0000
672,2017-01-24T08:00:00+0000
673,2017-01-24T07:44:18+0000
674,2017-01-23T07:30:00+0000
675,2017-01-22T16:00:02+0000
676,2017-01-20T10:30:00+0000
677,2017-01-20T09:00:01+0000
678,2017-01-19T08:56:12+0000
679,2017-01-19T07:38:20+0000
680,2017-01-18T10:00:01+0000
681,2017-01-17T03:50:17+0000
682,2017-01-16T10:00:01+0000
683,2017-01-15T15:10:22+0000
684,2017-01-12T12:00:00+0000
685,2017-01-12T03:00:00+0000
686,2017-01-11T12:11:49+0000
687,2017-01-10T10:00:00+0000
688,2017-01-10T08:18:26+0000
689,2017-01-10T02:47:52+0000
690,2017-01-09T08:29:27+0000
691,2017-01-04T10:00:00+0000
692,2017-01-03T07:29:03+0000
693,2017-01-02T10:00:00+0000
694,2017-01-02T04:30:50+0000
695,2016-12-30T14:54:56+0000
696,2016-12-30T12:00:06+0000
697,2016-12-30T10:00:00+0000
698,2016-12-29T16:00:00+0000
699,2016-12-29T12:30:01+0000
700,2016-12-28T15:38:21+0000
701,2016-12-27T09:54:10+0000
702,2016-12-26T13:29:14+0000
703,2016-12-26T04:00:00+0000
704,2016-12-23T12:00:00+0000
705,2016-12-23T10:10:44+0000
706,2016-12-22T12:30:00+0000
707,2016-12-22T11:14:41+0000
708,2016-12-22T10:00:00+0000
709,2016-12-21T07:30:00+0000
710,2016-12-20T10:00:00+0000
711,2016-12-20T03:06:05+0000
712,2016-12-19T10:00:00+0000
713,2016-12-18T15:11:00+0000
714,2016-12-18T10:00:00+0000
715,2016-12-16T12:02:14+0000
716,2016-12-16T11:02:49+0000
717,2016-12-16T08:00:00+0000
718,2016-12-16T02:26:43+0000
719,2016-12-15T16:00:01+0000
720,2016-12-14T16:33:10+0000
721,2016-12-12T10:00:00+0000
722,2016-12-12T08:00:00+0000
723,2016-12-12T06:29:54+0000
724,2016-12-10T10:00:00+0000
725,2016-12-08T13:29:54+0000
726,2016-12-06T10:00:01+0000
727,2016-12-02T11:32:29+0000
728,2016-12-01T10:00:01+0000
729,2016-12-01T02:00:01+0000
730,2016-11-30T10:31:09+0000
731,2016-11-30T10:00:01+0000
732,2016-11-30T02:56:38+0000
733,2016-11-28T08:00:00+0000
734,2016-11-25T04:24:05+0000
735,2016-11-25T03:55:18+0000
736,2016-11-24T12:30:00+0000
737,2016-11-24T00:41:57+0000
738,2016-11-23T10:00:00+0000
739,2016-11-23T08:40:51+0000
740,2016-11-22T14:44:12+0000
741,2016-11-22T10:00:00+0000
742,2016-11-22T03:01:53+0000
743,2016-11-21T12:43:49+0000
744,2016-11-20T10:00:01+0000
745,2016-11-18T12:00:00+0000
746,2016-11-17T10:00:00+0000
747,2016-11-16T12:37:21+0000
748,2016-11-15T10:00:00+0000
749,2016-11-14T10:00:00+0000
750,2016-11-11T14:23:20+0000
751,2016-11-11T13:00:01+0000
752,2016-11-11T12:00:00+0000
753,2016-11-11T10:54:55+0000
754,2016-11-10T06:00:00+0000
755,2016-11-10T04:00:01+0000
756,2016-11-08T07:36:53+0000
757,2016-11-08T06:00:05+0000
758,2016-11-07T13:42:15+0000
759,2016-11-03T07:00:00+0000
760,2016-11-02T10:00:00+0000
761,2016-11-01T10:43:48+0000
762,2016-10-31T01:00:00+0000
763,2016-10-29T13:00:00+0000
764,2016-10-29T03:36:47+0000
765,2016-10-29T00:31:48+0000
766,2016-10-28T09:00:01+0000
767,2016-10-27T10:00:00+0000
768,2016-10-27T03:30:00+0000
769,2016-10-27T01:56:53+0000
770,2016-10-25T10:00:01+0000
771,2016-10-25T08:24:04+0000
772,2016-10-24T03:05:29+0000
773,2016-10-22T04:07:58+0000
774,2016-10-22T02:33:51+0000
775,2016-10-22T01:11:11+0000
776,2016-10-22T00:51:03+0000
777,2016-10-21T12:00:00+0000
778,2016-10-21T10:57:39+0000
779,2016-10-21T09:00:01+0000
780,2016-10-20T10:13:43+0000
781,2016-10-20T09:29:26+0000
782,2016-10-20T03:50:01+0000
783,2016-10-19T08:50:07+0000
784,2016-10-19T02:00:00+0000
785,2016-10-18T12:00:00+0000
786,2016-10-18T10:00:00+0000
787,2016-10-18T09:38:18+0000
788,2016-10-18T04:30:00+0000
789,2016-10-17T23:14:08+0000
790,2016-10-17T14:52:38+0000
791,2016-10-17T10:00:00+0000
792,2016-10-17T04:00:00+0000
793,2016-10-17T01:27:19+0000
794,2016-10-16T10:00:00+0000
795,2016-10-15T15:59:01+0000
796,2016-10-14T13:24:56+0000
797,2016-10-14T10:00:01+0000
798,2016-10-14T09:00:00+0000
799,2016-10-13T11:51:09+0000
800,2016-10-13T03:10:10+0000
801,2016-10-12T04:00:01+0000
802,2016-10-11T12:08:40+0000
803,2016-10-11T10:00:00+0000
804,2016-10-11T08:30:01+0000
805,2016-10-11T07:33:47+0000
806,2016-10-10T02:02:38+0000
807,2016-10-08T10:00:00+0000
808,2016-10-08T05:00:00+0000
809,2016-10-07T12:01:08+0000
810,2016-10-06T10:00:00+0000
811,2016-10-06T07:30:00+0000
812,2016-10-05T10:01:06+0000
813,2016-10-05T10:00:00+0000
814,2016-10-04T12:00:00+0000
815,2016-10-04T10:00:00+0000
816,2016-10-04T09:00:01+0000
817,2016-10-03T11:00:00+0000
818,2016-10-02T09:27:14+0000
819,2016-09-30T11:16:19+0000
820,2016-09-30T02:00:00+0000
821,2016-09-29T12:00:01+0000
822,2016-09-29T08:26:48+0000
823,2016-09-28T10:00:01+0000
824,2016-09-27T10:35:07+0000
825,2016-09-27T10:00:00+0000
826,2016-09-26T12:00:01+0000
827,2016-09-26T11:30:01+0000
828,2016-09-26T10:00:00+0000
829,2016-09-26T09:02:47+0000
830,2016-09-25T10:00:01+0000
831,2016-09-23T09:35:03+0000
832,2016-09-22T03:35:00+0000
833,2016-09-21T06:04:48+0000
834,2016-09-20T10:00:01+0000
835,2016-09-20T10:00:00+0000
836,2016-09-19T10:41:46+0000
837,2016-09-16T13:30:02+0000
838,2016-09-15T05:00:00+0000
839,2016-09-15T03:35:01+0000
840,2016-09-14T14:51:11+0000
841,2016-09-14T12:00:01+0000
842,2016-09-14T10:00:00+0000
843,2016-09-14T01:00:05+0000
844,2016-09-13T10:00:00+0000
845,2016-09-11T10:00:00+0000
846,2016-09-09T14:05:12+0000
847,2016-09-09T12:00:00+0000
848,2016-09-09T11:37:12+0000
849,2016-09-08T09:24:01+0000
850,2016-09-08T01:44:36+0000
851,2016-09-06T14:10:04+0000
852,2016-09-06T10:34:35+0000
853,2016-09-06T10:00:00+0000
854,2016-09-05T02:10:29+0000
855,2016-09-04T10:00:01+0000
856,2016-09-03T23:14:09+0000
857,2016-09-02T17:31:39+0000
858,2016-09-01T03:39:28+0000
859,2016-08-31T10:00:00+0000
860,2016-08-30T10:00:00+0000
861,2016-08-28T10:00:00+0000
862,2016-08-27T01:35:19+0000
863,2016-08-26T11:48:37+0000
864,2016-08-26T10:00:00+0000
865,2016-08-25T12:00:00+0000
866,2016-08-25T10:00:00+0000
867,2016-08-25T09:08:06+0000
868,2016-08-24T03:09:59+0000
869,2016-08-23T10:29:00+0000
870,2016-08-23T10:22:53+0000
871,2016-08-22T10:00:00+0000
872,2016-08-22T03:53:25+0000
873,2016-08-21T13:35:46+0000
874,2016-08-19T10:03:38+0000
875,2016-08-19T09:00:00+0000
876,2016-08-17T15:16:54+0000
877,2016-08-16T10:00:00+0000
878,2016-08-15T06:22:50+0000
879,2016-08-15T04:00:16+0000
880,2016-08-12T12:00:00+0000
881,2016-08-12T08:27:00+0000
882,2016-08-12T08:23:16+0000
883,2016-08-12T02:38:10+0000
884,2016-08-11T10:00:00+0000
885,2016-08-10T11:30:00+0000
886,2016-08-09T13:32:00+0000
887,2016-08-09T10:38:58+0000
888,2016-08-08T10:05:00+0000
889,2016-08-08T10:00:00+0000
890,2016-08-05T15:23:27+0000
891,2016-08-05T13:59:55+0000
892,2016-08-05T10:00:00+0000
893,2016-08-04T12:00:00+0000
894,2016-08-03T10:43:42+0000
895,2016-08-03T01:00:00+0000
896,2016-08-02T13:36:00+0000
897,2016-08-02T12:00:00+0000
898,2016-08-02T10:00:00+0000
899,2016-08-01T23:38:05+0000
900,2016-08-01T04:05:00+0000
901,2016-07-29T12:00:34+0000
902,2016-07-28T11:14:27+0000
903,2016-07-28T06:38:53+0000
904,2016-07-27T10:00:01+0000
905,2016-07-26T12:00:01+0000
906,2016-07-26T10:00:00+0000
907,2016-07-25T02:00:00+0000
908,2016-07-22T02:38:03+0000
909,2016-07-21T10:01:00+0000
910,2016-07-21T10:00:00+0000
911,2016-07-19T10:47:31+0000
912,2016-07-19T10:00:00+0000
913,2016-07-18T10:00:01+0000
914,2016-07-18T01:41:42+0000
915,2016-07-16T10:18:34+0000
916,2016-07-15T10:00:00+0000
917,2016-07-14T15:26:55+0000
918,2016-07-14T12:00:00+0000
919,2016-07-12T10:00:00+0000
920,2016-07-12T01:39:27+0000
921,2016-07-11T12:00:00+0000
922,2016-07-11T08:13:37+0000
923,2016-07-10T13:47:59+0000
924,2016-07-07T08:04:22+0000
925,2016-07-07T03:10:55+0000
926,2016-07-06T12:00:00+0000
927,2016-07-05T10:00:03+0000
928,2016-07-05T10:00:00+0000
929,2016-07-04T12:00:00+0000
930,2016-07-04T10:00:00+0000
931,2016-07-01T03:04:28+0000
932,2016-06-30T11:35:23+0000
933,2016-06-30T01:33:26+0000
934,2016-06-29T15:33:19+0000
935,2016-06-29T04:00:00+0000
936,2016-06-28T12:00:00+0000
937,2016-06-28T10:00:00+0000
938,2016-06-27T12:00:00+0000
939,2016-06-26T10:00:00+0000
940,2016-06-24T10:00:00+0000
941,2016-06-21T10:00:00+0000
942,2016-06-21T03:45:24+0000
943,2016-06-20T04:10:42+0000
944,2016-06-17T12:33:56+0000
945,2016-06-17T07:48:47+0000
946,2016-06-17T02:00:00+0000
947,2016-06-16T17:44:08+0000
948,2016-06-15T12:46:12+0000
949,2016-06-15T12:00:00+0000
950,2016-06-15T10:33:48+0000
951,2016-06-14T10:00:00+0000
952,2016-06-14T09:00:00+0000
953,2016-06-14T04:05:11+0000
954,2016-06-13T12:00:00+0000
955,2016-06-13T10:18:42+0000
956,2016-06-12T00:00:00+0000
957,2016-06-09T16:01:54+0000
958,2016-06-09T00:00:00+0000
959,2016-06-08T15:28:15+0000
960,2016-06-08T10:00:00+0000
961,2016-06-07T12:07:11+0000
962,2016-06-06T12:00:00+0000
963,2016-06-03T12:00:00+0000
964,2016-06-02T13:31:47+0000
965,2016-06-02T10:08:57+0000
966,2016-06-02T10:00:00+0000
967,2016-06-01T12:00:00+0000
968,2016-06-01T10:00:01+0000
969,2016-05-31T10:00:00+0000
970,2016-05-31T04:00:00+0000
971,2016-05-30T10:00:01+0000
972,2016-05-30T01:45:43+0000
973,2016-05-29T05:00:00+0000
974,2016-05-28T11:31:42+0000
975,2016-05-28T05:00:00+0000
976,2016-05-28T03:06:11+0000
977,2016-05-27T13:00:00+0000
978,2016-05-26T13:04:49+0000
979,2016-05-25T12:00:00+0000
980,2016-05-25T02:00:00+0000
981,2016-05-24T10:00:00+0000
982,2016-05-23T10:00:00+0000
983,2016-05-23T01:00:08+0000
984,2016-05-20T06:36:43+0000
985,2016-05-19T09:00:00+0000
986,2016-05-19T07:00:00+0000
987,2016-05-18T12:00:00+0000
988,2016-05-18T09:00:47+0000
989,2016-05-17T12:00:00+0000
990,2016-05-16T09:32:26+0000
991,2016-05-13T12:00:00+0000
992,2016-05-13T02:00:00+0000
993,2016-05-10T12:00:00+0000
994,2016-05-09T12:00:00+0000
995,2016-05-09T09:00:00+0000
996,2016-05-08T00:00:00+0000
997,2016-05-07T00:00:00+0000
998,2016-05-06T09:00:00+0000
999,2016-05-05T16:09:12+0000
1000,2016-05-03T10:15:11+0000
1001,2016-05-02T10:00:00+0000
1002,2016-04-30T11:58:56+0000
1003,2016-04-29T02:00:19+0000
1004,2016-04-26T10:37:50+0000
1005,2016-04-25T13:04:37+0000
1006,2016-04-22T03:31:49+0000
1007,2016-04-19T10:00:00+0000
1008,2016-04-19T01:32:05+0000
1009,2016-04-17T16:00:01+0000
1010,2016-04-15T12:00:00+0000
1011,2016-04-14T12:00:00+0000
1012,2016-04-13T06:00:01+0000
1013,2016-04-12T12:00:00+0000
1014,2016-04-12T10:00:00+0000
1015,2016-04-11T12:00:00+0000
1016,2016-04-11T02:38:28+0000
1017,2016-04-08T03:52:14+0000
1018,2016-04-06T10:00:00+0000
1019,2016-04-05T10:00:00+0000
1020,2016-04-03T05:00:00+0000
1021,2016-04-01T12:00:00+0000
1022,2016-03-31T16:00:00+0000
1023,2016-03-31T12:00:00+0000
1024,2016-03-30T12:00:00+0000
1025,2016-03-30T10:04:52+0000
1026,2016-03-29T10:00:00+0000
1027,2016-03-29T06:00:01+0000
1028,2016-03-29T01:58:57+0000
1029,2016-03-28T09:09:43+0000
1030,2016-03-28T07:23:59+0000
1031,2016-03-28T01:22:29+0000
1032,2016-03-27T02:33:29+0000
1033,2016-03-25T12:30:00+0000
1034,2016-03-25T07:00:00+0000
1035,2016-03-24T12:00:00+0000
1036,2016-03-24T12:00:00+0000
1037,2016-03-22T10:00:00+0000
1038,2016-03-21T12:00:00+0000
1039,2016-03-21T10:00:00+0000
1040,2016-03-21T03:18:49+0000
1041,2016-03-21T01:46:42+0000
1042,2016-03-19T13:51:29+0000
1043,2016-03-19T03:00:54+0000
1044,2016-03-19T00:00:22+0000
1045,2016-03-18T14:32:48+0000
1046,2016-03-18T13:00:00+0000
1047,2016-03-18T07:24:12+0000
1048,2016-03-17T12:00:00+0000
1049,2016-03-17T10:00:01+0000
1050,2016-03-16T12:00:00+0000
1051,2016-03-16T10:13:09+0000
1052,2016-03-15T13:00:04+0000
1053,2016-03-15T10:00:00+0000
1054,2016-03-15T09:00:01+0000
1055,2016-03-15T08:01:13+0000
1056,2016-03-14T12:00:00+0000
1057,2016-03-14T08:10:03+0000
1058,2016-03-12T05:00:01+0000
1059,2016-03-11T12:00:00+0000
1060,2016-03-11T02:03:25+0000
1061,2016-03-10T12:00:00+0000
1062,2016-03-09T10:00:00+0000
1063,2016-03-08T12:00:00+0000
1064,2016-03-08T10:00:00+0000
1065,2016-03-06T10:32:42+0000
1066,2016-03-05T05:00:00+0000
1067,2016-03-04T12:00:01+0000
1068,2016-03-03T12:00:00+0000
1069,2016-03-03T10:00:00+0000
1070,2016-03-03T07:14:16+0000
1071,2016-03-01T10:00:00+0000
1072,2016-02-29T12:00:01+0000
1073,2016-02-26T12:00:00+0000
1074,2016-02-25T12:00:00+0000
1075,2016-02-23T10:00:00+0000
1076,2016-02-22T12:00:00+0000
1077,2016-02-19T12:00:00+0000
1078,2016-02-18T12:00:00+0000
1079,2016-02-17T10:00:01+0000
1080,2016-02-16T12:00:00+0000
1081,2016-02-16T10:00:01+0000
1082,2016-02-15T08:00:01+0000
1083,2016-02-15T05:52:45+0000
1084,2016-02-14T12:00:00+0000
1085,2016-02-11T12:00:00+0000
1086,2016-02-09T10:00:01+0000
1087,2016-02-08T00:00:00+0000
1088,2016-02-07T12:33:36+0000
1089,2016-02-07T12:00:00+0000
1090,2016-02-06T06:30:07+0000
1091,2016-02-06T05:08:35+0000
1092,2016-02-06T04:30:00+0000
1093,2016-02-05T12:00:00+0000
1094,2016-02-05T10:00:00+0000
1095,2016-02-04T12:00:01+0000
1096,2016-02-04T12:00:00+0000
1097,2016-02-04T09:34:49+0000
1098,2016-02-03T10:00:01+0000
1099,2016-02-02T12:00:00+0000
1100,2016-02-02T10:00:00+0000
1101,2016-02-02T03:49:39+0000
1102,2016-02-01T04:30:00+0000
1103,2016-01-30T12:00:01+0000
1104,2016-01-29T12:00:01+0000
1105,2016-01-29T03:14:23+0000
1106,2016-01-28T13:00:01+0000
1107,2016-01-28T12:00:01+0000
1108,2016-01-28T08:28:27+0000
1109,2016-01-27T10:00:01+0000
1110,2016-01-26T12:00:00+0000
1111,2016-01-26T10:00:00+0000
1112,2016-01-24T05:54:00+0000
1113,2016-01-23T05:00:00+0000
1114,2016-01-21T12:00:00+0000
1115,2016-01-20T12:00:00+0000
1116,2016-01-20T10:00:00+0000
1117,2016-01-20T04:30:00+0000
1118,2016-01-20T03:30:00+0000
1119,2016-01-19T12:00:37+0000
1120,2016-01-19T10:00:00+0000
1121,2016-01-18T12:25:17+0000
1122,2016-01-16T05:00:00+0000
1123,2016-01-15T12:00:01+0000
1124,2016-01-14T12:00:01+0000
1125,2016-01-13T10:00:01+0000
1126,2016-01-12T12:00:00+0000
1127,2016-01-12T10:00:01+0000
1128,2016-01-12T04:10:38+0000
1129,2016-01-11T12:00:01+0000
1130,2016-01-11T01:59:26+0000
1131,2016-01-07T10:00:01+0000
1132,2016-01-07T02:30:00+0000
1133,2016-01-06T05:38:45+0000
1134,2016-01-05T10:00:00+0000
1135,2016-01-05T08:34:01+0000
1136,2016-01-05T05:48:35+0000
1137,2016-01-04T12:00:00+0000
1138,2016-01-04T08:27:02+0000
1139,2015-12-29T12:00:00+0000
1140,2015-12-29T10:21:44+0000
1141,2015-12-28T10:00:01+0000
1142,2015-12-28T04:02:51+0000
1143,2015-12-25T09:36:10+0000
1144,2015-12-25T01:48:18+0000
1145,2015-12-25T01:32:21+0000
1146,2015-12-23T10:01:21+0000
1147,2015-12-23T09:45:57+0000
1148,2015-12-22T10:00:00+0000
1149,2015-12-21T22:04:25+0000
1150,2015-12-21T08:30:00+0000
1151,2015-12-21T07:01:18+0000
1152,2015-12-21T06:17:41+0000
1153,2015-12-21T02:16:18+0000
1154,2015-12-20T10:00:02+0000
1155,2015-12-19T16:57:13+0000
1156,2015-12-19T16:18:35+0000
1157,2015-12-18T10:00:01+0000
1158,2015-12-16T09:31:16+0000
1159,2015-12-15T10:18:41+0000
1160,2015-12-14T23:20:52+0000
1161,2015-12-14T10:00:01+0000
1162,2015-12-14T09:54:23+0000
1163,2015-12-14T06:01:22+0000
1164,2015-12-14T03:48:52+0000
1165,2015-12-12T07:52:40+0000
1166,2015-12-11T02:20:52+0000
1167,2015-12-10T01:49:41+0000
1168,2015-12-09T03:57:50+0000
1169,2015-12-08T10:00:01+0000
1170,2015-12-08T02:30:00+0000
1171,2015-12-07T12:00:01+0000
1172,2015-12-07T10:01:02+0000
1173,2015-12-04T07:00:01+0000
1174,2015-12-03T01:51:28+0000
1175,2015-12-01T23:00:00+0000
1176,2015-11-30T07:56:47+0000
1177,2015-11-30T03:30:01+0000
1178,2015-11-28T05:30:01+0000
1179,2015-11-27T13:00:02+0000
1180,2015-11-27T09:00:00+0000
1181,2015-11-26T10:00:00+0000
1182,2015-11-26T01:37:26+0000
1183,2015-11-24T10:00:00+0000
1184,2015-11-24T09:00:00+0000
1185,2015-11-23T11:00:00+0000
1186,2015-11-23T10:15:55+0000
1187,2015-11-21T01:21:49+0000
1188,2015-11-21T01:01:59+0000
1189,2015-11-20T10:00:01+0000
1190,2015-11-18T10:00:00+0000
1191,2015-11-18T06:02:13+0000
1192,2015-11-18T05:14:42+0000
1193,2015-11-17T10:30:01+0000
1194,2015-11-17T10:00:00+0000
1195,2015-11-15T10:30:00+0000
1196,2015-11-13T10:12:28+0000
1197,2015-11-11T13:00:00+0000
1198,2015-11-10T23:00:01+0000
1199,2015-11-10T10:00:00+0000
1200,2015-11-10T09:30:01+0000
1201,2015-11-10T02:46:18+0000
1202,2015-11-09T01:15:12+0000
1203,2015-11-08T05:46:13+0000
1204,2015-11-07T12:35:39+0000
1205,2015-11-06T14:49:22+0000
1206,2015-11-06T12:02:42+0000
1207,2015-11-05T10:00:00+0000
1208,2015-11-05T03:11:59+0000
1209,2015-11-04T23:00:00+0000
1210,2015-11-04T10:00:00+0000
1211,2015-11-03T22:30:01+0000
1212,2015-11-03T13:30:00+0000
1213,2015-11-01T01:29:32+0000
1214,2015-10-31T08:20:42+0000
1215,2015-10-30T13:00:01+0000
1216,2015-10-30T09:00:00+0000
1217,2015-10-30T07:00:00+0000
1218,2015-10-29T23:31:01+0000
1219,2015-10-29T13:00:00+0000
1220,2015-10-29T08:34:36+0000
1221,2015-10-28T13:00:00+0000
1222,2015-10-28T10:00:32+0000
1223,2015-10-27T10:00:01+0000
1224,2015-10-27T09:06:52+0000
1225,2015-10-23T13:30:01+0000
1226,2015-10-20T13:00:01+0000
1227,2015-10-20T12:29:45+0000
1228,2015-10-20T10:00:01+0000
1229,2015-10-15T08:03:33+0000
1230,2015-10-13T13:00:01+0000
1231,2015-10-13T10:00:00+0000
1232,2015-10-12T11:26:07+0000
1233,2015-10-07T03:54:32+0000
1234,2015-10-06T10:00:01+0000
1235,2015-10-05T13:30:00+0000
1236,2015-10-03T05:56:29+0000
1237,2015-09-29T16:00:02+0000
1238,2015-09-27T19:25:49+0000
1239,2015-09-27T11:35:55+0000
1240,2015-09-27T10:48:18+0000
1241,2015-09-25T10:00:00+0000
1242,2015-09-24T10:00:01+0000
1243,2015-09-23T09:08:02+0000
1244,2015-09-20T06:33:57+0000
1245,2015-09-19T10:00:00+0000
1246,2015-09-19T07:06:18+0000
1247,2015-09-18T10:00:15+0000
1248,2015-09-17T16:00:01+0000
1249,2015-09-17T02:05:00+0000
1250,2015-09-15T23:00:00+0000
1251,2015-09-15T10:00:01+0000
1252,2015-09-14T09:00:01+0000
1253,2015-09-12T02:00:01+0000
1254,2015-09-11T02:05:00+0000
1255,2015-09-10T03:30:00+0000
1256,2015-09-10T02:05:01+0000
1257,2015-09-09T02:04:00+0000
1258,2015-09-08T10:00:01+0000
1259,2015-09-08T02:01:00+0000
1260,2015-09-07T16:00:44+0000
1261,2015-09-07T03:48:12+0000
1262,2015-09-07T02:00:01+0000
1263,2015-09-06T02:10:02+0000
1264,2015-09-05T10:30:00+0000
1265,2015-09-05T02:05:00+0000
1266,2015-09-04T02:00:31+0000
1267,2015-09-03T11:51:19+0000
1268,2015-09-03T02:20:47+0000
1269,2015-09-02T10:14:21+0000
1270,2015-09-01T23:08:20+0000
1271,2015-09-01T10:38:58+0000
1272,2015-09-01T07:46:37+0000
1273,2015-08-29T01:00:01+0000
1274,2015-08-25T23:00:01+0000
1275,2015-08-25T10:15:01+0000
1276,2015-08-24T03:59:01+0000
1277,2015-08-21T14:00:00+0000
1278,2015-08-21T03:37:53+0000
1279,2015-08-19T23:01:01+0000
1280,2015-08-19T04:01:44+0000
1281,2015-08-18T23:00:01+0000
1282,2015-08-18T03:40:48+0000
1283,2015-08-18T01:21:03+0000
1284,2015-08-17T13:00:01+0000
1285,2015-08-15T14:25:25+0000
1286,2015-08-14T17:59:37+0000
1287,2015-08-14T11:59:18+0000
1288,2015-08-13T23:00:01+0000
1289,2015-08-13T02:40:19+0000
1290,2015-08-11T23:00:01+0000
1291,2015-08-11T13:00:01+0000
1292,2015-08-10T13:00:03+0000
1293,2015-08-08T06:32:06+0000
1294,2015-08-07T14:02:51+0000
1295,2015-08-07T05:34:51+0000
1296,2015-08-06T23:00:00+0000
1297,2015-08-06T12:05:37+0000
1298,2015-08-04T23:00:00+0000
1299,2015-08-02T13:00:00+0000
1300,2015-07-31T13:30:01+0000
1301,2015-07-31T12:00:01+0000
1302,2015-07-31T00:14:44+0000
1303,2015-07-29T13:00:01+0000
1304,2015-07-28T23:00:02+0000
1305,2015-07-28T13:00:00+0000
1306,2015-07-28T03:59:01+0000
1307,2015-07-27T13:00:00+0000
1308,2015-07-24T13:00:00+0000
1309,2015-07-22T23:00:01+0000
1310,2015-07-21T23:00:02+0000
1311,2015-07-20T13:00:01+0000
1312,2015-07-18T09:54:49+0000
1313,2015-07-17T13:00:00+0000
1314,2015-07-17T03:00:01+0000
1315,2015-07-16T13:58:54+0000
1316,2015-07-16T13:00:01+0000
1317,2015-07-16T07:03:19+0000
1318,2015-07-15T13:00:01+0000
1319,2015-07-15T07:00:00+0000
1320,2015-07-14T22:00:01+0000
1321,2015-07-14T02:01:18+0000
1322,2015-07-10T16:07:50+0000
1323,2015-07-10T04:13:16+0000
1324,2015-07-10T00:00:01+0000
1325,2015-07-09T13:00:01+0000
1326,2015-07-09T03:30:01+0000
1327,2015-07-08T01:00:00+0000
1328,2015-07-07T13:00:01+0000
1329,2015-07-05T14:00:01+0000
1330,2015-07-04T08:57:05+0000
1331,2015-07-04T08:30:00+0000
1332,2015-07-04T07:21:57+0000
1333,2015-07-04T07:00:00+0000
1334,2015-07-04T05:30:00+0000
1335,2015-07-03T13:00:02+0000
1336,2015-07-03T08:30:00+0000
1337,2015-07-03T07:45:12+0000
1338,2015-07-02T03:30:01+0000
1339,2015-07-01T09:58:16+0000
1340,2015-07-01T06:00:21+0000
1341,2015-06-29T04:00:00+0000
1342,2015-06-28T04:00:00+0000
1343,2015-06-27T12:36:34+0000
1344,2015-06-26T13:00:02+0000
1345,2015-06-26T04:00:00+0000
1346,2015-06-25T13:00:01+0000
1347,2015-06-25T02:27:24+0000
1348,2015-06-24T10:30:00+0000
1349,2015-06-24T09:32:30+0000
1350,2015-06-23T10:07:30+0000
1351,2015-06-23T03:40:00+0000
1352,2015-06-18T03:38:19+0000
1353,2015-06-18T02:38:11+0000
1354,2015-06-15T03:08:42+0000
1355,2015-06-14T03:00:01+0000
1356,2015-06-10T07:02:14+0000
1357,2015-06-10T01:21:55+0000
1358,2015-06-10T01:00:00+0000
1359,2015-06-09T10:00:00+0000
1360,2015-06-08T10:00:01+0000
1361,2015-06-07T13:00:01+0000
1362,2015-06-05T10:00:00+0000
1363,2015-06-04T10:00:00+0000
1364,2015-06-03T13:00:01+0000
1365,2015-06-03T01:00:01+0000
1366,2015-06-03T01:00:00+0000
1367,2015-06-02T04:00:00+0000
1368,2015-05-29T10:00:00+0000
1369,2015-05-27T06:59:27+0000
1370,2015-05-27T04:00:02+0000
1371,2015-05-26T11:43:29+0000
1372,2015-05-24T14:31:03+0000
1373,2015-05-22T04:30:00+0000
1374,2015-05-21T10:58:16+0000
1375,2015-05-21T07:18:10+0000
1376,2015-05-20T17:21:54+0000
1377,2015-05-20T09:37:58+0000
1378,2015-05-19T06:00:00+0000
1379,2015-05-18T14:00:00+0000
1380,2015-05-15T10:27:15+0000
1381,2015-05-14T01:18:32+0000
1382,2015-05-11T10:00:02+0000
1383,2015-05-11T08:18:58+0000
1384,2015-05-10T04:14:39+0000
1385,2015-05-10T03:30:00+0000
1386,2015-05-08T10:00:01+0000
1387,2015-05-07T13:00:03+0000
1388,2015-05-07T09:18:24+0000
1389,2015-05-06T09:30:01+0000
1390,2015-05-01T14:00:04+0000
1391,2015-04-30T09:30:00+0000
1392,2015-04-29T03:59:00+0000
1393,2015-04-23T10:00:01+0000
1394,2015-04-21T10:00:01+0000
1395,2015-04-21T03:59:00+0000
1396,2015-04-20T06:34:01+0000
1397,2015-04-20T03:30:01+0000
1398,2015-04-17T03:59:01+0000
1399,2015-04-16T13:00:05+0000
1400,2015-04-16T09:30:17+0000
1401,2015-04-15T03:00:06+0000
1402,2015-04-13T00:46:36+0000
1403,2015-04-01T13:00:01+0000
1404,2015-04-01T03:00:01+0000
1405,2015-03-30T13:00:03+0000
1406,2015-03-30T10:00:00+0000
1407,2015-03-29T03:59:00+0000
1408,2015-03-27T10:26:00+0000
1409,2015-03-27T05:49:41+0000
1410,2015-03-27T03:54:13+0000
1411,2015-03-26T10:32:49+0000
1412,2015-03-26T02:38:36+0000
1413,2015-03-26T02:00:01+0000
1414,2015-03-25T10:30:01+0000
1415,2015-03-25T06:30:01+0000
1416,2015-03-20T09:30:00+0000
1417,2015-03-19T09:30:01+0000
1418,2015-03-18T04:00:00+0000
1419,2015-03-17T05:30:28+0000
1420,2015-03-14T00:30:01+0000
1421,2015-03-13T03:00:04+0000
1422,2015-03-11T09:00:01+0000
1423,2015-03-10T09:00:00+0000
1424,2015-03-07T13:00:01+0000
1425,2015-03-05T09:00:00+0000
1426,2015-03-05T04:00:00+0000
1427,2015-03-03T13:00:00+0000
1428,2015-02-27T13:00:00+0000
1429,2015-02-26T09:00:12+0000
1430,2015-02-25T08:12:49+0000
1431,2015-02-17T05:56:47+0000
1432,2015-02-14T00:00:01+0000
1433,2015-02-11T05:53:14+0000
1434,2015-02-06T09:00:00+0000
1435,2015-02-06T04:00:09+0000
1436,2015-02-04T10:31:08+0000
1437,2015-02-04T01:28:26+0000
1438,2015-01-30T07:00:00+0000
1439,2015-01-28T04:00:00+0000
1440,2015-01-26T09:00:01+0000
1441,2015-01-26T04:01:46+0000
1442,2015-01-24T04:30:01+0000
1443,2015-01-20T14:00:01+0000
1444,2015-01-19T10:00:00+0000
1445,2015-01-16T05:00:54+0000
1446,2015-01-16T03:30:01+0000
1447,2015-01-14T09:00:01+0000
1448,2015-01-12T08:00:00+0000
1449,2015-01-12T04:30:00+0000
1450,2015-01-07T13:00:01+0000
1451,2015-01-03T14:51:19+0000
1452,2015-01-01T03:29:47+0000
1453,2014-12-31T15:59:01+0000
1454,2014-12-30T09:55:00+0000
1455,2014-12-25T03:53:01+0000
1456,2014-12-24T10:30:00+0000
1457,2014-12-24T04:51:09+0000
1458,2014-12-24T01:04:22+0000
1459,2014-12-23T04:00:01+0000
1460,2014-12-22T03:10:01+0000
1461,2014-12-20T03:50:00+0000
1462,2014-12-18T11:15:00+0000
1463,2014-12-18T09:25:59+0000
1464,2014-12-18T05:44:39+0000
1465,2014-12-18T01:00:01+0000
1466,2014-12-17T01:30:01+0000
1467,2014-12-16T10:00:00+0000
1468,2014-12-15T02:00:04+0000
1469,2014-12-12T11:03:33+0000
1470,2014-12-11T06:20:23+0000
1471,2014-12-11T02:30:01+0000
1472,2014-12-10T13:00:01+0000
1473,2014-12-10T02:26:54+0000
1474,2014-12-09T07:48:28+0000
1475,2014-12-08T01:33:28+0000
1476,2014-12-05T09:00:00+0000
1477,2014-12-05T01:50:00+0000
1478,2014-12-04T12:00:01+0000
1479,2014-12-04T05:22:38+0000
1480,2014-12-03T03:00:01+0000
1481,2014-12-02T02:53:21+0000
1482,2014-12-01T01:19:28+0000
1483,2014-11-26T05:49:33+0000
1484,2014-11-25T09:03:52+0000
1485,2014-11-21T07:55:51+0000
1486,2014-11-20T02:02:58+0000
1487,2014-11-18T04:20:18+0000
1488,2014-11-18T03:19:43+0000
1489,2014-11-14T08:22:19+0000
1490,2014-11-13T02:15:01+0000
1491,2014-11-12T08:14:30+0000
1492,2014-11-12T03:00:01+0000
1493,2014-11-11T10:35:00+0000
1494,2014-11-10T11:15:00+0000
1495,2014-11-10T07:17:35+0000
1496,2014-11-10T03:51:15+0000
1497,2014-11-10T02:37:18+0000
1498,2014-11-09T07:00:30+0000
1499,2014-11-09T02:40:35+0000
1500,2014-11-08T11:26:42+0000
1501,2014-11-08T02:36:12+0000
1502,2014-11-07T10:11:25+0000
1503,2014-11-07T05:46:46+0000
1504,2014-11-07T05:01:13+0000
1505,2014-11-06T06:30:14+0000
1506,2014-11-05T03:14:34+0000
1507,2014-11-03T10:25:11+0000
1508,2014-11-03T04:00:00+0000
1509,2014-11-01T16:18:41+0000
1510,2014-10-31T04:00:01+0000
1511,2014-10-31T02:36:17+0000
1512,2014-10-29T01:25:43+0000
1513,2014-10-27T10:00:37+0000
1514,2014-10-24T09:52:47+0000
1515,2014-10-23T08:05:05+0000
1516,2014-10-22T12:47:40+0000
1517,2014-10-20T02:00:01+0000
1518,2014-10-20T01:59:32+0000
1519,2014-10-20T01:30:00+0000
1520,2014-10-17T10:01:34+0000
1521,2014-10-17T05:20:58+0000
1522,2014-10-16T04:00:18+0000
1523,2014-10-15T09:50:48+0000
1524,2014-10-15T04:08:19+0000
1525,2014-10-13T10:42:02+0000
1526,2014-10-10T03:26:21+0000
1527,2014-10-08T09:35:49+0000
1528,2014-10-07T09:03:20+0000
1529,2014-10-01T16:00:29+0000
1530,2014-10-01T08:49:15+0000
1531,2014-09-26T11:09:22+0000
1532,2014-09-26T06:45:37+0000
1533,2014-09-26T05:47:26+0000
1534,2014-09-25T00:56:18+0000
1535,2014-09-23T11:52:13+0000
1536,2014-09-23T09:00:00+0000
1537,2014-09-23T07:00:01+0000
1538,2014-09-22T06:07:39+0000
1539,2014-09-19T11:11:16+0000
1540,2014-09-16T06:52:35+0000
1541,2014-09-16T06:41:42+0000
1542,2014-09-12T09:30:01+0000
1543,2014-09-09T03:30:00+0000
1544,2014-09-05T09:49:29+0000
1545,2014-09-02T02:21:20+0000
1546,2014-09-02T01:55:56+0000
1547,2014-09-02T01:50:00+0000
1548,2014-09-01T09:45:00+0000
1549,2014-09-01T03:00:01+0000
1550,2014-08-31T03:19:13+0000
1551,2014-08-30T09:14:51+0000
1552,2014-08-29T08:15:00+0000
1553,2014-08-26T12:00:07+0000
1554,2014-08-22T09:09:43+0000
1555,2014-08-21T07:35:26+0000
1556,2014-08-20T09:47:39+0000
1557,2014-08-19T10:17:29+0000
1558,2014-08-15T09:53:34+0000
1559,2014-08-13T10:02:49+0000
1560,2014-08-08T09:36:37+0000
1561,2014-08-07T09:40:25+0000
1562,2014-08-06T05:52:13+0000
1563,2014-08-05T05:00:00+0000
1564,2014-08-04T01:16:10+0000
1565,2014-08-01T13:50:27+0000
1566,2014-08-01T10:22:57+0000
