,0,1,2,3,4,5,6
0,251538521716188_1017766205093412,0,0,0,0,0,0
1,251538521716188_1017071295162903,0,0,0,0,0,0
2,251538521716188_1017013648502001,0,0,0,0,0,1
3,251538521716188_1015612261975473,6,0,0,0,10,9
4,251538521716188_1016344088568957,1,0,0,0,0,0
5,251538521716188_1015681028635263,0,0,0,0,0,1
6,251538521716188_1013587588844607,1,0,0,0,1,1
7,251538521716188_1013633998839966,0,0,0,0,0,0
8,251538521716188_979464125590287,0,0,2,0,0,2
9,251538521716188_1012933618910004,2,1,0,0,0,1
10,251538521716188_1011913429012023,1,0,0,0,1,0
11,251538521716188_1009827982553901,4,0,0,2,0,1
12,251538521716188_1009290592607640,4,4,0,0,0,0
13,251538521716188_1006472462889453,0,0,0,0,0,0
14,251538521716188_1007782596091773,4,1,0,0,0,7
15,251538521716188_1007179779485388,0,0,0,0,0,1
16,251538521716188_1004302209773145,1,0,0,0,0,0
17,251538521716188_1001666956703337,2,4,0,1,0,0
18,251538521716188_1003673193169380,0,0,0,0,0,0
19,251538521716188_1004467166423316,5,2,0,3,0,2
20,251538521716188_1004363816433651,0,0,0,0,0,0
21,251538521716188_1004502856419747,2,0,0,0,0,1
22,251538521716188_1003134499889916,0,0,0,0,0,0
23,251538521716188_1001666440036722,0,0,0,0,1,1
24,251538521716188_999070456962987,1,0,0,0,0,3
25,251538521716188_1001663750036991,1,0,0,0,0,1
26,251538521716188_999486006921432,1,0,0,0,0,0
27,251538521716188_998398740363492,1,0,0,0,1,2
28,251538521716188_999060923630607,2,0,0,0,0,0
29,251538521716188_998306390372727,5,0,0,1,12,0
30,251538521716188_998413877028645,0,0,0,0,0,0
31,251538521716188_998408223695877,0,0,0,0,0,0
32,251538521716188_994018457468187,0,0,0,0,1,2
33,251538521716188_995166260686740,9,0,0,0,0,0
34,251538521716188_995208464015853,0,0,0,0,0,0
35,251538521716188_995194594017240,0,0,0,0,0,0
36,251538521716188_992673210936045,0,0,0,0,0,0
37,251538521716188_993420520861314,5,0,0,2,3,3
38,251538521716188_990781194458580,3,1,0,0,0,0
39,251538521716188_992737690929597,2,0,0,0,1,0
40,251538521716188_992750400928326,1,0,0,0,0,1
41,251538521716188_988822601321106,0,0,0,0,1,1
42,251538521716188_990875594449140,3,0,0,0,1,2
43,251538521716188_990019407868092,2,1,0,0,0,2
44,251538521716188_990138757856157,2,1,1,0,1,0
45,251538521716188_989502137919819,2,7,4,0,0,0
46,251538521716188_989498514586848,1,1,0,0,0,1
47,251538521716188_988874337982599,7,8,4,0,0,2
48,251538521716188_986337431569623,0,0,0,0,0,0
49,251538521716188_985133721689994,3,8,4,0,0,0
50,251538521716188_986388511564515,0,1,0,0,1,2
51,251538521716188_986347581568608,3,6,0,0,0,2
52,251538521716188_986347251568641,0,0,5,0,0,0
53,251538521716188_986273798242653,6,1,3,0,0,1
54,251538521716188_985103608359672,14,0,1,0,11,0
55,251538521716188_984288951774471,2,0,0,0,0,1
56,251538521716188_970890296447670,0,0,1,0,0,1
57,251538521716188_985032741700092,1,0,0,0,3,0
58,251538521716188_983505918519441,0,0,9,0,0,0
59,251538521716188_984323441771022,2,0,0,0,0,1
60,251538521716188_983537145182985,1,0,0,0,0,6
61,251538521716188_981587985377901,11,15,4,0,3,0
62,251538521716188_979460415590658,5,0,0,0,13,0
63,251538521716188_980747285461971,3,1,0,0,1,0
64,251538521716188_980066862196680,1,0,0,0,1,0
65,251538521716188_980187018851331,5,0,0,0,16,0
66,251538521716188_975717695964930,0,0,0,0,0,0
67,251538521716188_979458488924184,5,0,0,0,16,0
68,251538521716188_975717275964972,0,0,0,0,0,0
69,251538521716188_976609972542369,5,0,0,0,16,0
70,251538521716188_975716645965035,9,0,1,0,4,0
71,251538521716188_975716182631748,6,0,2,1,1,0
72,251538521716188_977491955787504,1,0,0,0,1,0
73,251538521716188_975713972631969,2,0,0,1,0,3
74,251538521716188_975706889299344,2,6,3,2,1,0
75,251538521716188_975830152620351,8,1,0,0,0,1
76,251538521716188_975698772633489,2,0,2,2,0,1
77,251538521716188_974434166093283,3,0,2,0,0,0
78,251538521716188_974442102759156,0,4,2,0,3,0
79,251538521716188_966967283506638,0,0,0,0,0,0
80,251538521716188_973703569499676,1,3,1,1,0,0
81,251538521716188_973713712831995,12,3,2,2,2,3
82,251538521716188_973577496178950,11,13,4,0,3,1
83,251538521716188_972790892924277,10,1,0,0,5,2
84,251538521716188_971597613043605,0,0,0,0,0,0
85,251538521716188_970168993186467,3,9,18,11,0,0
86,251538521716188_970958503107516,4,4,3,1,0,1
87,251538521716188_970261036510596,2,0,0,0,0,1
88,251538521716188_967035890166444,3,0,0,0,1,1
89,251538521716188_961204150749618,14,16,4,1,0,0
90,251538521716188_970170239853009,0,1,0,0,0,3
91,251538521716188_969052239964809,2,0,0,0,0,1
92,251538521716188_969635606573139,0,0,0,0,0,1
93,251538521716188_966411500228883,1,0,1,0,0,0
94,251538521716188_967090746827625,0,0,0,0,0,0
95,251538521716188_962814033921963,3,0,0,0,0,0
96,251538521716188_965196823683684,1,1,0,0,5,0
97,251538521716188_962813637255336,1,0,0,0,0,0
98,251538521716188_964608233742543,2,0,0,0,0,2
99,251538521716188_961634534039913,0,0,0,0,3,2
100,251538521716188_961023134101053,6,1,4,0,1,2
101,251538521716188_960520797484620,2,0,0,0,0,0
102,251538521716188_961132457423454,2,0,4,0,0,0
103,251538521716188_960637524139614,17,14,6,2,1,2
104,251538521716188_958219104381456,0,0,0,0,0,1
105,251538521716188_958235864379780,0,0,0,0,0,0
106,251538521716188_956549991215034,2,0,0,0,0,1
107,251538521716188_957553491114684,15,13,4,0,0,0
108,251538521716188_956631941206839,1,0,0,0,0,1
109,251538521716188_954484651421568,0,0,0,0,0,0
110,251538521716188_953876874815679,0,0,0,0,0,1
111,251538521716188_948721281997905,6,0,2,2,4,1
112,251538521716188_950940895109277,0,0,0,0,0,0
113,251538521716188_949977611872272,0,0,0,0,0,1
114,251538521716188_948720885331278,0,0,0,0,0,0
115,251538521716188_945748698961830,0,0,0,0,0,0
116,251538521716188_942490935954273,0,0,0,0,0,0
117,251538521716188_942491479287552,0,0,2,0,0,0
118,251538521716188_942470095956357,9,17,5,0,1,0
119,251538521716188_941302366073130,1,0,0,0,0,3
120,251538521716188_941293252740708,0,0,0,0,0,2
121,251538521716188_940795419457158,13,15,8,0,0,2
122,251538521716188_938405209696179,0,0,1,0,0,1
123,251538521716188_939024216300945,1,0,1,0,0,0
124,251538521716188_938422983027735,0,0,4,0,0,2
125,251538521716188_933127603557273,0,0,0,0,0,0
126,251538521716188_938385516364815,0,0,3,0,0,3
127,251538521716188_937044886498878,0,0,3,0,0,3
128,251538521716188_938049059731794,0,0,0,0,0,0
129,251538521716188_933127933557240,1,1,0,0,0,3
130,251538521716188_934239443446089,1,0,0,0,2,3
131,251538521716188_930186253851408,1,4,6,1,0,0
132,251538521716188_934150870121613,0,0,0,0,0,2
133,251538521716188_934299796773387,12,19,2,1,5,1
134,251538521716188_934271040109596,0,0,0,0,0,0
135,251538521716188_933127026890664,3,8,2,0,0,0
136,251538521716188_932669370269763,2,2,0,1,0,0
137,251538521716188_932686590268041,2,1,0,0,2,1
138,251538521716188_931269953743038,0,0,0,0,0,0
139,251538521716188_930185733851460,1,0,0,0,1,11
140,251538521716188_931795400357160,7,9,3,0,0,0
141,251538521716188_931233923746641,0,1,0,0,0,2
142,251538521716188_931187560417944,0,0,0,0,0,1
143,251538521716188_930722047131162,8,13,0,0,1,0
144,251538521716188_929253197278047,0,0,0,0,0,1
145,251538521716188_930203373849696,0,0,0,0,0,1
146,251538521716188_927733700763330,4,0,0,0,1,0
147,251538521716188_929214943948539,3,0,2,0,0,0
148,251538521716188_929227073947326,9,15,1,0,0,1
149,251538521716188_929232333946800,0,0,5,1,0,0
150,251538521716188_929113293958704,1,0,0,0,0,4
151,251538521716188_927731570763543,3,0,0,1,1,0
152,251538521716188_926224504247583,10,14,2,1,0,0
153,251538521716188_927572707446096,2,0,0,1,3,0
154,251538521716188_927211120815588,2,1,4,0,0,2
155,251538521716188_926764574193576,5,2,0,0,0,1
156,251538521716188_926222587581108,2,0,1,1,9,0
157,251538521716188_926639707539396,11,18,6,1,1,0
158,251538521716188_926632120873488,0,4,4,0,1,0
159,251538521716188_926296520907048,0,0,5,0,0,2
160,251538521716188_926268734243160,0,0,0,0,0,0
161,251538521716188_926141137589253,0,0,7,0,0,15
162,251538521716188_925782384291795,1,0,2,0,0,0
163,251538521716188_923673427836024,0,0,0,0,0,0
164,251538521716188_922787344591299,9,16,2,0,0,0
165,251538521716188_919008844969149,0,0,0,0,0,0
166,251538521716188_919690118234355,0,0,0,0,0,0
167,251538521716188_922268297976537,1,0,4,0,0,2
168,251538521716188_917903798412987,0,0,4,0,3,2
169,251538521716188_917844165085617,0,0,0,0,0,2
170,251538521716188_916797108523656,7,25,5,4,0,0
171,251538521716188_916500078553359,4,0,7,0,1,0
172,251538521716188_915559658647401,0,0,1,0,3,0
173,251538521716188_914332538770113,0,0,7,0,0,1
174,251538521716188_912306528972714,0,0,4,0,0,1
175,251538521716188_911162842420416,0,0,2,0,0,3
176,251538521716188_909171689286198,0,0,4,0,0,1
177,251538521716188_908921072644593,9,21,5,1,1,0
178,251538521716188_908851059318261,0,0,0,0,0,0
179,251538521716188_907771272759573,0,0,0,0,0,7
180,251538521716188_904622059741161,0,0,7,0,0,2
181,251538521716188_904675893069111,0,0,1,0,0,8
182,251538521716188_904633186406715,2,0,3,0,0,0
183,251538521716188_903562619847105,1,0,1,0,0,0
184,251538521716188_902386636631370,0,1,5,0,0,7
185,251538521716188_902070863329614,0,0,1,0,0,1
186,251538521716188_901133570090010,1,0,1,0,4,0
187,251538521716188_899897540213613,0,0,1,0,0,6
188,251538521716188_896297617240272,10,12,6,3,0,0
189,251538521716188_896665373870163,0,0,3,0,0,1
190,251538521716188_896448610558506,4,0,4,2,0,1
191,251538521716188_895561423980558,15,36,8,2,0,0
192,251538521716188_893134670889900,1,0,0,0,1,1
193,251538521716188_894365850766782,6,1,0,2,1,2
194,251538521716188_891998921003475,0,0,0,0,1,0
195,251538521716188_890899464446754,1,0,0,0,7,0
196,251538521716188_889952374541463,0,0,0,0,0,0
197,251538521716188_888924271310940,12,13,6,4,0,0
198,251538521716188_886928374843863,1,0,0,0,0,0
199,251538521716188_880339428836091,0,0,1,0,0,0
200,251538521716188_884800785056622,5,12,4,2,0,0
201,251538521716188_884798668390167,4,12,0,1,0,0
202,251538521716188_880119725524728,0,0,10,0,0,1
203,251538521716188_879034075633293,0,0,0,0,0,0
204,251538521716188_877973602406007,0,0,3,0,0,15
205,251538521716188_873745239495510,0,0,8,0,0,0
206,251538521716188_866351173568250,0,2,0,0,0,2
207,251538521716188_872897212913646,0,0,6,1,0,10
208,251538521716188_871466606390040,9,16,4,3,0,0
209,251538521716188_872495142953853,0,0,2,0,0,0
210,251538521716188_871608436375857,1,0,0,0,0,0
211,251538521716188_863480313855336,6,16,4,1,1,11
212,251538521716188_869846816552019,11,14,4,1,0,0
213,251538521716188_869628026573898,1,0,0,0,0,0
214,251538521716188_866553466881354,11,21,8,1,0,2
215,251538521716188_863187403884627,1,0,0,0,0,0
216,251538521716188_862325480637486,1,0,0,0,0,0
217,251538521716188_859450680924966,1,0,0,0,0,0
218,251538521716188_858214507715250,1,0,4,0,1,12
219,251538521716188_861321774071190,23,1,12,0,1,0
220,251538521716188_860416674161700,0,0,3,0,0,12
221,251538521716188_859578044245563,11,22,4,1,0,0
222,251538521716188_859391704264197,0,0,3,1,1,7
223,251538521716188_859442977592403,0,0,0,0,0,0
224,251538521716188_855275938009107,0,0,8,0,2,3
225,251538521716188_851290968407604,3,0,5,0,0,0
226,251538521716188_847899175413450,11,10,9,5,0,1
227,251538521716188_845021335701234,0,0,0,0,0,1
228,251538521716188_844829272387107,2,0,0,0,0,0
229,251538521716188_844193135784054,2,0,6,1,0,2
230,251538521716188_840898196113548,0,0,1,0,2,1
231,251538521716188_839446996258668,0,0,4,0,1,0
232,251538521716188_839967959539905,2,0,1,0,2,0
233,251538521716188_839423356261032,1,0,1,0,2,1
234,251538521716188_839408502929184,0,0,0,0,0,0
235,251538521716188_837881093081925,2,0,1,0,1,0
236,251538521716188_836796963190338,0,0,0,0,0,0
237,251538521716188_836763546527013,0,0,5,0,0,5
238,251538521716188_835780689958632,4,0,0,0,0,0
239,251538521716188_835718913298143,10,15,1,1,0,0
240,251538521716188_834186636784704,0,0,0,0,0,0
241,251538521716188_833709333499101,0,0,0,0,0,6
242,251538521716188_832325550304146,8,16,3,0,0,1
243,251538521716188_832315166971851,3,0,0,0,0,0
244,251538521716188_830965197106848,6,0,0,0,0,0
245,251538521716188_831769640359737,0,0,0,0,0,0
246,251538521716188_831762903693744,9,13,1,1,0,0
247,251538521716188_830046660532035,9,16,3,1,0,0
248,251538521716188_830024210534280,0,0,3,0,0,1
249,251538521716188_830023330534368,10,17,2,2,0,0
250,251538521716188_829657353904299,0,0,3,0,0,2
251,251538521716188_829154153954619,8,0,3,0,0,0
252,251538521716188_827922734077761,1,0,3,1,0,1
253,251538521716188_826711610865540,0,0,8,0,0,0
254,251538521716188_825018574368177,0,0,2,0,0,0
255,251538521716188_824974491039252,0,0,6,0,1,0
256,251538521716188_824112417792126,10,17,3,1,0,1
257,251538521716188_824052734464761,12,26,6,1,0,0
258,251538521716188_821835048019863,1,0,3,1,0,0
259,251538521716188_818879771648724,0,0,0,0,0,5
260,251538521716188_818835411653160,0,0,6,0,0,2
261,251538521716188_817601851776516,0,0,2,0,0,0
262,251538521716188_817059035164131,13,21,9,1,0,1
263,251538521716188_815804905289544,0,0,1,0,0,2
264,251538521716188_815815905288444,11,25,13,4,0,1
265,251538521716188_814501612086540,4,0,5,0,4,1
266,251538521716188_811305252406176,0,0,7,0,0,5
267,251538521716188_808928015977233,1,0,0,0,0,12
268,251538521716188_810222119181156,9,13,0,1,0,0
269,251538521716188_809856162551085,7,0,0,0,0,0
270,251538521716188_808877205982314,9,19,7,2,0,1
271,251538521716188_808774822659219,1,0,0,0,0,0
272,251538521716188_808346452702056,0,0,0,0,0,0
273,251538521716188_807846632752038,9,0,0,0,0,0
274,251538521716188_807738836096151,0,0,7,0,1,6
275,251538521716188_805910596278975,1,0,4,0,0,2
276,251538521716188_807320306138004,9,13,4,1,0,0
277,251538521716188_806790446190990,3,0,4,0,0,1
278,251538521716188_805824959620872,9,18,7,2,0,0
279,251538521716188_804926473044054,0,0,2,0,0,14
280,251538521716188_804598889743479,3,0,3,0,4,0
281,251538521716188_802281479975220,1,0,1,0,0,2
282,251538521716188_802169246653110,0,0,4,0,0,2
283,251538521716188_797792523757449,2,0,1,0,4,4
284,251538521716188_801786733358028,0,0,3,0,0,0
285,251538521716188_801792273357474,10,15,4,0,0,0
286,251538521716188_800896113447090,31,2,8,0,0,6
287,251538521716188_800683493468352,14,15,3,2,1,1
288,251538521716188_800375393499162,2,3,0,0,0,1
289,251538521716188_798328220370546,4,0,1,1,0,0
290,251538521716188_800239836846051,0,0,0,0,0,9
291,251538521716188_798323750370993,0,1,1,0,0,1
292,251538521716188_798293387040696,10,17,4,0,0,2
293,251538521716188_798194890383879,3,0,0,0,3,4
294,251538521716188_797711680432200,5,0,11,0,0,1
295,251538521716188_797647667105268,0,1,0,0,0,0
296,251538521716188_797331250470243,11,14,2,2,0,0
297,251538521716188_795273170676051,6,1,0,0,4,0
298,251538521716188_796792860524082,6,0,2,1,8,0
299,251538521716188_793715294165172,5,0,0,0,0,1
300,251538521716188_794680027402032,6,0,2,1,8,0
301,251538521716188_793183507551684,6,0,2,1,8,0
302,251538521716188_791249547745080,0,0,0,0,0,2
303,251538521716188_787362214800480,6,0,2,1,8,0
304,251538521716188_786940768175958,6,0,2,1,8,0
305,251538521716188_786937898176245,1,0,0,0,1,0
306,251538521716188_784898865046815,3,0,0,0,1,0
307,251538521716188_784908211712547,6,0,2,1,8,0
308,251538521716188_784898355046866,9,15,3,0,0,0
309,251538521716188_784471281756240,6,0,2,1,8,0
310,251538521716188_784093251794043,6,0,0,1,8,0
311,251538521716188_783631671840201,1,0,0,0,1,1
312,251538521716188_781901385346563,6,0,2,1,8,0
313,251538521716188_783615608508474,7,0,2,1,7,0
314,251538521716188_781886038681431,4,0,3,0,3,3
315,251538521716188_781478378722197,0,1,1,0,0,0
316,251538521716188_780595068810528,10,15,10,2,0,0
317,251538521716188_780661625470539,2,0,0,3,2,2
318,251538521716188_780582352145133,3,0,0,0,2,0
319,251538521716188_778440889025946,1,0,0,3,0,0
320,251538521716188_778876988982336,0,0,0,0,0,0
321,251538521716188_778849032318465,1,0,0,0,0,1
322,251538521716188_778415549028480,0,0,0,0,0,0
323,251538521716188_777243202479048,1,5,1,0,0,0
324,251538521716188_1955766834437469,11,21,6,1,0,0
325,251538521716188_773661642837204,0,0,0,0,0,0
326,251538521716188_776706812532687,8,0,0,0,0,0
327,251538521716188_1955768601103959,8,0,0,0,0,0
328,251538521716188_775092742694094,4,0,0,0,0,0
329,251538521716188_773650686171633,9,13,0,1,0,0
330,251538521716188_774629392740429,5,0,0,0,0,0
331,251538521716188_774251416111560,0,0,0,0,0,3
332,251538521716188_774246992778669,8,18,8,3,0,0
333,251538521716188_773738219496213,0,6,0,0,1,2
334,251538521716188_772032523000116,0,0,0,0,6,1
335,251538521716188_771044823098886,9,13,6,2,0,0
336,251538521716188_770721613131207,1,0,0,0,0,0
337,251538521716188_768957143307654,1,0,0,0,3,1
338,251538521716188_769397203263648,9,13,0,2,1,0
339,251538521716188_765064713696897,0,0,0,0,0,0
340,251538521716188_769039383299430,0,0,4,0,4,0
341,251538521716188_768939143309454,0,0,0,0,0,3
342,251538521716188_766198390250196,0,0,0,0,0,17
343,251538521716188_766749653528403,9,18,12,3,0,0
344,251538521716188_765745376962164,0,0,0,0,10,5
345,251538521716188_765354307001271,0,3,4,1,0,1
346,251538521716188_765381870331848,0,0,0,0,0,20
347,251538521716188_765052553698113,6,0,0,0,0,2
348,251538521716188_764808297055872,10,13,4,2,0,1
349,251538521716188_764661570403878,0,0,0,3,1,0
350,251538521716188_763417660528269,0,1,0,1,0,7
351,251538521716188_764523207084381,0,0,0,0,0,8
352,251538521716188_763406017196100,5,0,0,0,3,1
353,251538521716188_763332363870132,0,0,0,0,0,1
354,251538521716188_763266247210077,0,0,0,0,1,17
355,251538521716188_762978563905512,4,0,0,0,0,2
356,251538521716188_762972883906080,0,0,0,0,0,2
357,251538521716188_762948160575219,9,14,5,2,0,3
358,251538521716188_762519767284725,0,0,0,0,0,0
359,251538521716188_762081877328514,11,23,7,2,0,0
360,251538521716188_760382387498463,0,0,0,0,0,3
361,251538521716188_760492414154127,2,0,0,0,0,5
362,251538521716188_760501064153262,0,0,0,0,1,0
363,251538521716188_760025514200817,0,0,0,1,0,2
364,251538521716188_759179624285406,1,0,0,0,0,1
365,251538521716188_759533380916697,3,1,0,1,1,0
366,251538521716188_759496560920379,0,0,0,0,3,3
367,251538521716188_759116967625005,7,0,6,1,0,13
368,251538521716188_757554717781230,8,18,11,1,0,0
369,251538521716188_757456511124384,0,0,4,0,1,9
370,251538521716188_756177951252240,0,0,0,0,3,0
371,251538521716188_757092431160792,0,0,1,0,0,36
372,251538521716188_756498327886869,8,20,8,3,0,2
373,251538521716188_756073127929389,0,0,0,0,0,1
374,251538521716188_756138324589536,0,0,0,0,0,1
375,251538521716188_756587361211299,8,14,0,2,0,0
376,251538521716188_756494904553878,0,0,4,0,5,7
377,251538521716188_754383094765059,7,0,0,0,7,0
378,251538521716188_754047581465277,0,0,0,0,0,0
379,251538521716188_754510621418973,5,0,0,0,0,0
380,251538521716188_754518014751567,1,1,0,0,0,0
381,251538521716188_754079708128731,0,0,1,0,4,1
382,251538521716188_754393461430689,0,0,6,0,0,1
383,251538521716188_753968014806567,11,23,11,2,0,0
384,251538521716188_753609104842458,2,0,0,0,0,0
385,251538521716188_753706668166035,12,14,4,2,0,0
386,251538521716188_753540651515970,0,3,3,1,0,1
387,251538521716188_753159864887382,9,1,0,1,3,40
388,251538521716188_753172918219410,0,0,4,0,0,11
389,251538521716188_753077581562277,10,14,7,2,0,1
390,251538521716188_753086441561391,2,2,0,0,0,0
391,251538521716188_753087848227917,9,20,8,1,0,1
392,251538521716188_752724724930896,0,0,0,0,0,0
393,251538521716188_751383835064985,0,0,0,0,0,0
394,251538521716188_751010408435661,0,0,2,0,1,20
395,251538521716188_750540058482696,0,8,4,0,0,1
396,251538521716188_747906868746015,0,0,0,0,0,0
397,251538521716188_748144685388900,9,18,13,3,0,0
398,251538521716188_747443768792325,0,0,2,0,0,1
399,251538521716188_746490792220956,0,0,1,0,0,1
400,251538521716188_745669612303074,0,0,0,0,0,3
401,251538521716188_745404605662908,2,0,0,0,0,0
402,251538521716188_744991502370885,0,0,2,0,0,1
403,251538521716188_743703185833050,16,14,13,6,0,1
404,251538521716188_742240369312665,0,0,0,0,0,0
405,251538521716188_1863426623671491,0,0,0,0,0,5
406,251538521716188_741832016020167,0,0,0,0,0,0
407,251538521716188_741830939353608,0,0,0,0,0,0
408,251538521716188_740664726136896,0,0,2,0,0,0
409,251538521716188_740252616178107,2,0,3,1,0,3
410,251538521716188_739057936297575,3,0,4,1,0,1
411,251538521716188_739054799631222,12,15,20,1,2,0
412,251538521716188_734664880070214,7,12,4,2,0,0
413,251538521716188_738155166387852,1,0,0,0,1,1
414,251538521716188_737898203080215,0,0,3,0,0,0
415,251538521716188_737438773126158,7,12,4,2,0,0
416,251538521716188_737463796456989,1,0,0,0,0,0
417,251538521716188_736349996568369,2,0,3,0,2,1
418,251538521716188_736680109868691,10,30,18,8,0,1
419,251538521716188_736066856596683,2,1,2,0,0,1
420,251538521716188_734202306783138,7,1,11,3,4,6
421,251538521716188_734664043403631,0,0,0,0,0,0
422,251538521716188_735276626675706,1,0,1,1,0,0
423,251538521716188_731315037071865,0,0,0,0,0,0
424,251538521716188_734650106738358,0,0,2,0,0,0
425,251538521716188_734641560072546,4,0,6,2,2,0
426,251538521716188_734238303446205,12,26,10,1,0,0
427,251538521716188_731314783738557,1,0,8,0,0,6
428,251538521716188_733792613490774,0,0,1,0,0,1
429,251538521716188_733779816825387,0,3,4,1,0,0
430,251538521716188_733730730163629,0,0,3,0,0,0
431,251538521716188_731314540405248,2,0,2,1,2,1
432,251538521716188_731345700402132,10,23,18,4,0,0
433,251538521716188_731313793738656,1,0,3,1,0,0
434,251538521716188_731313080405394,1,0,1,0,3,0
435,251538521716188_731297760406926,3,3,2,1,2,13
436,251538521716188_730969500439752,0,0,0,0,0,1
437,251538521716188_730981440438558,0,0,1,0,0,0
438,251538521716188_730404600496242,0,0,2,0,0,0
439,251538521716188_730201970516505,7,20,3,4,0,1
440,251538521716188_729824277220941,0,0,3,0,0,3
441,251538521716188_729728233897212,9,38,18,4,0,1
442,251538521716188_729720040564698,2,0,2,0,0,5
443,251538521716188_729040703965965,0,0,2,0,0,1
444,251538521716188_728033927399976,0,0,1,0,0,10
445,251538521716188_727616677441701,0,0,4,2,0,2
446,251538521716188_727585224111513,7,19,3,3,0,0
447,251538521716188_727269224143113,0,0,3,0,1,16
448,251538521716188_727210957482273,0,0,3,0,0,8
449,251538521716188_726544114215624,0,0,2,0,0,1
450,251538521716188_726201310916571,0,0,2,0,0,0
451,251538521716188_725752227628146,1,0,0,0,0,1
452,251538521716188_725683207635048,1,2,8,0,0,4
453,251538521716188_725303954339640,0,6,14,6,1,10
454,251538521716188_725295111007191,0,0,0,0,0,5
455,251538521716188_724552974414738,8,24,9,0,0,1
456,251538521716188_724492107754158,1,58,17,15,0,21
457,251538521716188_723553144514721,10,34,17,4,0,1
458,251538521716188_723103641226338,3,0,2,1,0,2
459,251538521716188_723180167885352,2,0,3,0,0,5
460,251538521716188_722807711255931,1,2,9,2,0,24
461,251538521716188_722023874667648,0,0,2,0,0,0
462,251538521716188_722023334667702,0,2,3,1,0,4
463,251538521716188_722004314669604,0,2,3,0,0,17
464,251538521716188_720274001509302,0,0,2,1,0,10
465,251538521716188_720232038180165,11,15,7,3,0,4
466,251538521716188_720761241460578,7,28,20,3,0,1
467,251538521716188_720224041514298,1,0,0,0,0,15
468,251538521716188_720154271521275,9,14,14,2,2,0
469,251538521716188_720148511521851,4,0,0,0,0,4
470,251538521716188_718421808361188,0,3,1,1,0,0
471,251538521716188_719685934901442,2,0,5,1,0,1
472,251538521716188_718765621660140,0,0,0,0,0,7
473,251538521716188_718457581690944,3,0,0,0,0,1
474,251538521716188_718374248365944,2,2,2,0,0,8
475,251538521716188_717320811804621,0,0,0,0,0,1
476,251538521716188_717317885138247,5,1,0,0,0,0
477,251538521716188_717328731803829,0,0,3,0,0,12
478,251538521716188_717280218475347,1,0,0,0,0,0
479,251538521716188_716295998573769,0,0,0,0,0,0
480,251538521716188_716970345173001,9,25,9,1,0,1
481,251538521716188_716536205216415,0,2,6,0,0,4
482,251538521716188_714952162041486,0,0,2,0,1,2
483,251538521716188_715262735343762,0,0,1,0,0,11
484,251538521716188_714890828714286,1,0,7,0,4,1
485,251538521716188_714423338761035,7,26,6,6,0,0
486,251538521716188_714128902123812,0,2,8,0,0,6
487,251538521716188_711884945681541,9,40,21,4,0,0
488,251538521716188_713788558824513,0,2,4,0,0,11
489,251538521716188_712903118913057,2,2,5,0,0,1
490,251538521716188_711862942350408,0,2,4,0,0,1
491,251538521716188_711739552362747,9,14,8,3,3,1
492,251538521716188_711376235732412,0,2,1,0,0,1
493,251538521716188_711375052399197,0,2,2,0,0,13
494,251538521716188_711302542406448,0,2,2,0,0,9
495,251538521716188_710971085772927,7,22,11,3,0,0
496,251538521716188_710591555810880,1,1,2,1,0,6
497,251538521716188_707768056093230,9,14,0,2,0,0
498,251538521716188_708630549340314,3,2,8,1,0,2
499,251538521716188_708626609340708,3,2,3,0,0,43
500,251538521716188_707394629463906,1,3,2,0,2,1
501,251538521716188_706563619547007,9,35,18,4,0,0
502,251538521716188_705530499650319,9,24,2,4,0,0
503,251538521716188_703003259903043,0,3,0,0,0,1
504,251538521716188_703072753229427,9,14,1,1,0,0
505,251538521716188_703051863231516,0,3,0,0,0,4
506,251538521716188_702997099903659,0,18,9,0,0,1
507,251538521716188_701595643377138,0,3,4,0,1,22
508,251538521716188_701571463379556,0,1,0,0,0,10
509,251538521716188_701295040073865,1,1,5,1,0,0
510,251538521716188_701135610089808,2,1,4,1,0,3
511,251538521716188_699823823554320,1,1,5,1,0,2
512,251538521716188_699190970284272,0,0,0,0,0,0
513,251538521716188_699189893617713,9,19,4,3,0,1
514,251538521716188_699302750273094,1,0,3,2,3,1
515,251538521716188_698850203651682,0,18,11,0,0,1
516,251538521716188_698325180370851,0,3,0,0,0,0
517,251538521716188_697826480420721,7,14,0,3,0,1
518,251538521716188_696219073914795,0,0,0,0,1,0
519,251538521716188_696205617249474,2,3,5,2,0,5
520,251538521716188_696158253920877,0,3,0,0,0,1
521,251538521716188_695693530634016,0,0,0,0,0,2
522,251538521716188_695662967303739,2,0,0,0,0,0
523,251538521716188_694858357384200,0,3,0,0,0,1
524,251538521716188_694832330720136,30,0,10,0,0,0
525,251538521716188_694291104107592,1,1,3,1,0,0
526,251538521716188_692013061002063,0,0,0,0,0,0
527,251538521716188_691587074377995,7,15,7,2,0,2
528,251538521716188_691234221079947,1,0,0,0,1,0
529,251538521716188_688954671307902,9,17,11,2,1,0
530,251538521716188_691114411091928,0,3,4,1,0,17
531,251538521716188_689457167924319,0,0,0,0,0,0
532,251538521716188_690599157810120,1,0,0,0,0,4
533,251538521716188_690454517824584,6,0,6,4,0,0
534,251538521716188_690064684530234,4,0,4,0,2,3
535,251538521716188_689995661203803,0,0,0,0,1,4
536,251538521716188_689526034584099,2,0,0,0,0,0
537,251538521716188_689358634600839,0,0,0,0,0,0
538,251538521716188_689415194595183,0,0,0,0,0,0
539,251538521716188_688253658044670,10,14,5,1,0,1
540,251538521716188_688222291381140,10,23,16,3,2,0
541,251538521716188_687371591466210,0,0,2,0,0,1
542,251538521716188_687838588086177,1,0,1,0,0,13
543,251538521716188_687796701423699,0,0,0,0,6,10
544,251538521716188_687386578131378,7,14,5,2,0,0
545,251538521716188_685735734963129,0,0,0,0,0,16
546,251538521716188_682025945334108,0,0,0,0,0,0
547,251538521716188_681622058707830,9,20,10,3,0,2
548,251538521716188_681611468708889,11,49,23,5,0,0
549,251538521716188_681045595432143,3,0,1,0,1,11
550,251538521716188_681031958766840,0,0,0,0,0,3
551,251538521716188_680932382110131,0,3,0,0,0,0
552,251538521716188_680486428821393,9,25,3,4,0,0
553,251538521716188_680514145485288,0,3,6,0,0,0
554,251538521716188_679916902211679,0,0,0,0,0,0
555,251538521716188_678074012395968,1,3,5,0,0,1
556,251538521716188_678007469069289,1,3,4,0,0,13
557,251538521716188_676391055897597,8,14,0,2,0,0
558,251538521716188_674209452782424,4,1,5,0,0,0
559,251538521716188_674527336083969,10,25,12,3,0,0
560,251538521716188_674202982783071,0,0,3,0,0,8
561,251538521716188_671427249727311,0,0,0,0,0,1
562,251538521716188_671408059729230,9,14,8,2,0,3
563,251538521716188_670964516440251,1,0,1,0,0,2
564,251538521716188_670504203152949,1,0,1,0,0,2
565,251538521716188_670082216528481,11,53,23,6,0,0
566,251538521716188_669231983280171,10,22,10,1,0,0
567,251538521716188_669225713280798,0,0,5,1,0,1
568,251538521716188_668456553357714,0,0,0,0,1,14
569,251538521716188_668026036734099,0,2,0,0,0,14
570,251538521716188_667660216770681,0,0,0,0,0,11
571,251538521716188_667746440095392,4,0,0,5,0,24
572,251538521716188_665648240305212,0,3,6,0,0,4
573,251538521716188_664847190385317,0,0,0,0,0,7
574,251538521716188_664282467108456,11,25,7,0,0,2
575,251538521716188_662279807308722,0,0,0,0,0,7
576,251538521716188_661865410683495,11,31,11,3,0,0
577,251538521716188_661409364062433,0,0,0,0,0,17
578,251538521716188_661122530757783,1,0,5,0,0,4
579,251538521716188_660200744183295,5,0,4,0,0,42
580,251538521716188_659832990886737,10,42,22,6,0,0
581,251538521716188_659827080887328,0,0,1,0,0,22
582,251538521716188_659384300931606,3,5,2,1,2,9
583,251538521716188_659327414270628,0,0,3,1,0,9
584,251538521716188_658912857645417,9,14,4,2,0,0
585,251538521716188_658858200984216,10,20,3,3,0,0
586,251538521716188_658467817689921,0,0,2,0,0,0
587,251538521716188_657971634406206,7,0,11,0,0,22
588,251538521716188_657897097746993,5,3,4,3,0,3
589,251538521716188_657943644409005,0,3,6,0,0,2
590,251538521716188_657175711152465,2,0,0,0,0,1
591,251538521716188_657414901128546,0,0,0,0,0,0
592,251538521716188_657017607834942,1,0,0,0,0,1
593,251538521716188_656458817890821,0,3,6,0,0,1
594,251538521716188_656359434567426,0,0,3,0,0,1
595,251538521716188_655985881271448,11,13,0,3,3,0
596,251538521716188_655926014610768,1,0,1,0,0,2
597,251538521716188_655847367951966,9,21,13,3,0,0
598,251538521716188_655413597995343,0,0,1,0,1,1
599,251538521716188_655390087997694,0,0,0,0,0,18
600,251538521716188_655348778001825,1,0,4,0,0,1
601,251538521716188_654954781374558,11,50,24,5,0,0
602,251538521716188_654944248042278,4,0,0,0,0,0
603,251538521716188_654931244710245,0,0,1,0,2,32
604,251538521716188_654490101421026,0,6,1,2,1,16
605,251538521716188_654480274755342,0,0,0,0,0,4
606,251538521716188_654122911457745,12,26,12,1,0,0
607,251538521716188_652574291612607,1,0,0,0,0,7
608,251538521716188_652555651614471,1,3,0,0,0,8
609,251538521716188_651939465009423,8,16,6,3,0,1
610,251538521716188_651882241681812,0,0,0,0,0,0
611,251538521716188_652071021662934,4,0,0,1,5,0
612,251538521716188_650609308475772,0,3,3,1,2,2
613,251538521716188_648176172052419,1,0,0,0,0,2
614,251538521716188_648053378731365,0,0,0,0,0,11
615,251538521716188_644863469050356,10,20,7,3,0,0
616,251538521716188_644821739054529,0,0,0,0,1,2
617,251538521716188_644721035731266,0,0,0,0,0,16
618,251538521716188_641575942712442,1,0,0,0,0,0
619,251538521716188_644221905781179,3,3,1,1,0,0
620,251538521716188_643834159153287,0,0,0,0,2,21
621,251538521716188_643803192489717,0,0,6,0,0,8
622,251538521716188_643279225875447,0,0,0,0,0,0
623,251538521716188_641575319379171,3,0,0,0,1,1
624,251538521716188_642061562663880,6,0,3,0,0,0
625,251538521716188_640959569440746,10,18,9,3,0,0
626,251538521716188_639762782893758,13,13,0,3,1,0
627,251538521716188_638545566348813,5,4,2,1,1,6
628,251538521716188_638499796353390,0,0,2,0,0,4
629,251538521716188_638030619733641,10,30,13,2,1,0
630,251538521716188_637528573117179,0,0,3,0,1,23
631,251538521716188_637610139775689,1,0,0,0,2,0
632,251538521716188_637173573152679,5,0,1,0,0,1
633,251538521716188_636712509865452,9,12,5,1,0,0
634,251538521716188_635717979964905,2,0,4,0,1,3
635,251538521716188_629659233904113,1,0,2,0,0,5
636,251538521716188_626127117590658,11,54,22,6,0,2
637,251538521716188_625771184292918,0,1,1,0,0,1
638,251538521716188_618635661673137,11,23,14,3,0,0
639,251538521716188_618615861675117,2,1,0,0,0,11
640,251538521716188_612602465609790,0,0,0,0,0,13
641,251538521716188_611764882360215,52,0,37,0,1,0
642,251538521716188_611143089089061,67,0,44,0,1,0
643,251538521716188_611139165756120,0,0,3,0,2,1
644,251538521716188_611043159099054,3,0,0,0,2,3
645,251538521716188_610605205809516,0,0,0,0,0,16
646,251538521716188_609465542590149,3,0,1,0,0,0
647,251538521716188_600863193450384,9,18,0,3,0,0
648,251538521716188_607767582759945,0,0,0,0,1,3
649,251538521716188_607812339422136,5,0,8,0,0,1
650,251538521716188_607673642769339,6,0,2,0,0,12
651,251538521716188_600861886783848,2,0,0,0,2,1
652,251538521716188_604050156465021,3,0,0,0,1,0
653,251538521716188_602606553276048,1,0,0,0,1,0
654,251538521716188_597609013775802,12,12,10,5,3,1
655,251538521716188_594519844084719,0,0,0,0,0,0
656,251538521716188_593406320862738,11,21,4,3,1,0
657,251538521716188_588591211344249,9,12,5,2,0,2
658,251538521716188_590344217835615,0,0,0,0,0,1
659,251538521716188_590274331175937,2,4,5,0,1,0
660,251538521716188_589403887929648,11,19,5,3,0,0
661,251538521716188_589349417935095,2,0,3,2,4,15
662,251538521716188_588558161347554,1,0,1,0,1,21
663,251538521716188_581606845376019,0,0,4,0,0,7
664,251538521716188_581365495400154,9,20,9,2,0,0
665,251538521716188_581249602078410,0,0,0,0,4,13
666,251538521716188_575456762657694,0,0,0,0,0,0
667,251538521716188_572128349657202,1,0,0,0,0,0
668,251538521716188_575576135979090,12,13,6,2,2,0
669,251538521716188_575574992645871,2,0,0,0,0,8
670,251538521716188_575555349314502,0,0,1,0,0,1
671,251538521716188_574835646053139,0,0,12,0,0,0
672,251538521716188_572110189659018,10,39,22,4,0,1
673,251538521716188_574427686093935,0,0,0,0,0,19
674,251538521716188_573977196138984,0,0,4,0,1,17
675,251538521716188_572123942990976,0,0,1,0,0,0
676,251538521716188_572167509653286,1,0,1,0,0,10
677,251538521716188_572155629654474,11,19,4,3,0,1
678,251538521716188_571825213020849,0,0,0,0,0,0
679,251538521716188_571812053022165,0,0,0,0,0,0
680,251538521716188_570991173104253,0,0,2,0,0,1
681,251538521716188_570921029777934,12,12,13,4,0,3
682,251538521716188_570580786478625,0,0,3,0,0,25
683,251538521716188_570332039836833,1,0,6,0,0,0
684,251538521716188_568942183309152,0,0,0,0,0,0
685,251538521716188_568647330005304,0,0,0,0,0,12
686,251538521716188_568649176671786,0,0,0,0,1,9
687,251538521716188_566846073518763,14,13,8,2,0,0
688,251538521716188_568228926713811,5,0,0,0,4,1
689,251538521716188_568157836720920,10,18,6,3,0,1
690,251538521716188_567891733414197,4,0,6,0,0,2
691,251538521716188_566039780266059,2,0,9,0,0,13
692,251538521716188_565706496966054,0,0,2,0,2,8
693,251538521716188_564040760465961,12,0,4,0,1,0
694,251538521716188_565054120364625,0,0,6,0,0,12
695,251538521716188_564212117115492,13,24,7,4,0,7
696,251538521716188_564021517134552,8,1,0,0,3,0
697,251538521716188_564019410468096,13,18,15,0,0,2
698,251538521716188_563685313834839,1,0,0,0,0,64
699,251538521716188_563746790495358,0,0,0,0,2,0
700,251538521716188_563386897198014,0,2,4,0,0,5
701,251538521716188_562883633915007,0,0,1,0,0,1
702,251538521716188_562603157276388,1,0,2,0,0,3
703,251538521716188_562430483960322,1,0,5,0,0,2
704,251538521716188_561371254066245,1,0,3,0,0,3
705,251538521716188_561413600728677,0,0,0,0,0,1
706,251538521716188_560676680802369,9,18,3,3,0,4
707,251538521716188_561062107430493,2,0,6,0,1,4
708,251538521716188_561018524101518,1,0,2,0,0,0
709,251538521716188_560615507475153,1,0,3,0,0,2
710,251538521716188_559854210884616,0,0,0,0,0,0
711,251538521716188_560226157514088,11,48,20,6,0,0
712,251538521716188_559809037555800,1,3,3,0,0,7
713,251538521716188_559594110910626,13,30,16,4,0,13
714,251538521716188_554669858069718,12,14,3,2,1,12
715,251538521716188_558722570997780,0,0,0,0,1,0
716,251538521716188_558743270995710,0,1,5,1,0,6
717,251538521716188_558286571041380,1,3,3,1,7,20
718,251538521716188_558627361007301,4,0,0,0,0,0
719,251538521716188_558322324371138,0,0,0,0,0,16
720,251538521716188_558023187734385,2,0,1,0,2,0
721,251538521716188_556798701190167,11,18,11,3,0,16
722,251538521716188_556812984522072,9,18,3,3,0,1
723,251538521716188_556805191189518,11,0,6,0,1,2
724,251538521716188_554667961403241,1,0,0,0,3,0
725,251538521716188_554711111398926,16,13,5,1,0,0
726,251538521716188_553362734867097,0,0,0,0,0,10
727,251538521716188_552133141656723,1,3,3,1,7,14
728,251538521716188_551529691717068,3,0,2,1,2,0
729,251538521716188_551241841745853,1,0,3,0,0,5
730,251538521716188_551253748411329,2,1,0,0,2,0
731,251538521716188_551218351748202,2,0,0,1,4,0
732,251538521716188_551118185091552,10,21,9,4,0,1
733,251538521716188_550253091844728,0,0,6,0,0,1
734,251538521716188_548679498668754,1,3,3,1,7,16
735,251538521716188_548674492002588,0,0,3,0,0,9
736,251538521716188_548377198698984,11,10,2,0,3,0
737,251538521716188_548195322050505,44,0,25,0,1,0
738,251538521716188_547461755457195,12,11,2,0,3,1
739,251538521716188_547465998790104,4,0,0,0,1,0
740,251538521716188_547599338776770,2,6,1,0,0,1
741,251538521716188_547142628822441,11,11,4,0,4,0
742,251538521716188_547417182128319,76,0,30,0,1,0
743,251538521716188_547174895485881,10,11,3,0,3,1
744,251538521716188_537125323157505,0,0,0,0,0,0
745,251538521716188_545922208944483,1,1,1,0,3,3
746,251538521716188_544457462424291,2,0,0,0,7,2
747,251538521716188_545218845681486,0,0,4,0,3,0
748,251538521716188_544367255766645,6,0,2,0,0,0
749,251538521716188_537121906491180,3,0,1,0,0,3
750,251538521716188_543402905863080,3,2,2,0,0,11
751,251538521716188_543342539202450,9,31,20,5,0,2
752,251538521716188_543283739208330,1,0,3,1,0,8
753,251538521716188_543333795869991,10,51,22,6,0,0
754,251538521716188_542463482623689,8,1,4,0,0,0
755,251538521716188_542781812591856,1,0,3,0,0,0
756,251538521716188_542041245999246,0,0,0,0,0,0
757,251538521716188_541985059338198,0,0,0,0,4,49
758,251538521716188_541762376027133,0,0,0,0,0,13
759,251538521716188_539840502885987,0,0,4,0,0,2
760,251538521716188_537119969824707,10,17,0,2,0,2
761,251538521716188_539114332958604,0,0,0,0,0,5
762,251538521716188_538142789722425,0,0,0,0,6,0
763,251538521716188_537655839771120,11,15,5,3,0,1
764,251538521716188_537574469779257,0,0,0,0,0,0
765,251538521716188_537475226455848,1,0,3,0,0,0
766,251538521716188_533782293491808,0,0,0,0,0,2
767,251538521716188_524505174419520,0,0,0,0,4,2
768,251538521716188_536594053210632,0,0,2,0,0,2
769,251538521716188_536588843211153,3,0,0,0,6,20
770,251538521716188_535235440013160,2,0,6,0,0,2
771,251538521716188_535733533296684,3,0,0,0,0,0
772,251538521716188_535179886685382,0,0,1,0,1,11
773,251538521716188_534150333455004,10,0,2,0,0,0
774,251538521716188_534123353457702,0,0,0,0,0,1
775,251538521716188_534094863460551,9,13,3,1,0,3
776,251538521716188_534077676795603,5,0,3,0,0,0
777,251538521716188_533817706821600,9,0,5,0,0,0
778,251538521716188_533804713489566,0,0,0,0,0,14
779,251538521716188_533744306828940,0,0,0,0,6,0
780,251538521716188_533288383541199,10,20,11,4,0,2
781,251538521716188_533273876875983,0,1,4,0,0,0
782,251538521716188_533167020220002,7,0,0,0,11,2
783,251538521716188_532819053588132,2,0,0,0,0,0
784,251538521716188_532703006933070,2,6,1,0,0,0
785,251538521716188_532311383638899,0,0,0,0,0,2
786,251538521716188_531832737020097,18,0,6,0,0,0
787,251538521716188_532307903639247,0,0,4,0,0,1
788,251538521716188_531829237020447,0,0,0,0,0,0
789,251538521716188_532146823655355,0,0,1,0,0,11
790,251538521716188_531957530340951,0,0,0,0,0,2
791,251538521716188_531823597021011,2,0,0,0,1,0
792,251538521716188_531773923692645,3,0,0,0,1,0
793,251538521716188_531729270363777,0,0,0,0,0,2
794,251538521716188_524500861086618,0,0,3,0,0,1
795,251538521716188_531072403762797,1,0,5,0,0,0
796,251538521716188_530544817148889,9,13,5,2,0,2
797,251538521716188_530351423834895,2,0,0,0,2,0
798,251538521716188_530414747161896,0,3,2,0,0,8
799,251538521716188_530066930530011,0,0,0,0,1,4
800,251538521716188_529910597212311,0,0,2,0,3,26
801,251538521716188_529521683917869,0,0,1,0,0,6
802,251538521716188_529269003943137,2,0,0,0,0,1
803,251538521716188_529165803953457,0,0,0,0,0,8
804,251538521716188_529200110616693,1,0,3,0,0,0
805,251538521716188_529165223953515,1,6,2,3,0,17
806,251538521716188_528743807328990,0,0,1,0,1,0
807,251538521716188_528019700734734,13,43,39,13,0,1
808,251538521716188_527681497435221,0,0,0,1,1,0
809,251538521716188_527634114106626,7,10,5,0,0,1
810,251538521716188_527228067480564,0,0,2,0,0,0
811,251538521716188_527198827483488,15,23,18,2,0,5
812,251538521716188_526709474199090,11,13,11,1,0,3
813,251538521716188_526263070910397,0,2,4,0,0,0
814,251538521716188_526213590915345,0,1,5,0,1,11
815,251538521716188_526153597588011,0,0,2,0,0,1
816,251538521716188_526205457582825,0,0,0,1,1,0
817,251538521716188_524497421086962,0,0,2,0,0,0
818,251538521716188_525430900993614,10,19,13,4,0,18
819,251538521716188_524507741085930,0,0,0,0,1,2
820,251538521716188_524366644433373,2,0,0,0,3,4
821,251538521716188_523990251137679,1,0,5,0,1,7
822,251538521716188_524050544464983,0,0,2,0,0,11
823,251538521716188_521702848033086,0,0,0,0,0,0
824,251538521716188_523312257872145,1,3,3,0,0,0
825,251538521716188_521702791366425,10,16,13,4,0,20
826,251538521716188_522891291247575,0,0,0,0,0,1
827,251538521716188_522943197909051,11,0,0,0,2,0
828,251538521716188_521702288033142,14,18,6,2,0,14
829,251538521716188_522929254577112,0,0,2,0,0,1
830,251538521716188_521702008033170,1,4,3,0,1,0
831,251538521716188_521748571361847,0,0,1,1,0,3
832,251538521716188_516602401876464,3,2,7,0,4,1
833,251538521716188_520940788109292,5,1,0,2,3,0
834,251538521716188_520567048146666,1,0,3,0,0,0
835,251538521716188_520627091473995,9,9,3,0,0,3
836,251538521716188_520267978176573,0,0,3,0,3,0
837,251538521716188_519155291621175,1,1,0,1,0,5
838,251538521716188_518379471698757,11,11,1,0,0,24
839,251538521716188_516599861876718,0,0,4,0,0,2
840,251538521716188_518435158359855,10,25,16,4,0,25
841,251538521716188_517670115103026,0,0,1,0,0,0
842,251538521716188_518331055036932,0,0,0,0,0,0
843,251538521716188_518234951713209,1,0,2,0,0,0
844,251538521716188_517656085104429,15,0,15,2,4,25
845,251538521716188_516856088517762,15,30,18,2,0,30
846,251538521716188_516673805202657,2,2,2,2,2,3
847,251538521716188_516585851878119,15,29,18,2,0,35
848,251538521716188_516632761873428,6,0,3,0,1,0
849,251538521716188_516270011909703,5,0,0,0,3,14
850,251538521716188_516187568584614,4,0,3,0,2,8
851,251538521716188_515650745304963,0,0,0,0,3,2
852,251538521716188_515555775314460,0,0,2,0,0,3
853,251538521716188_515480258655345,8,12,1,1,0,22
854,251538521716188_515150282021676,2,0,3,0,0,2
855,251538521716188_513550675514970,0,0,0,0,1,0
856,251538521716188_514777465392291,0,0,3,0,0,3
857,251538521716188_514348275435210,12,19,22,1,0,21
858,251538521716188_513811865488851,11,34,13,2,0,15
859,251538521716188_513533475516690,1,0,2,0,0,1
860,251538521716188_511796499023721,0,3,12,0,3,1
861,251538521716188_512444502292254,0,0,0,0,0,8
862,251538521716188_512016365668401,1,2,5,0,0,2
863,251538521716188_511835485686489,16,0,5,2,4,15
864,251538521716188_511792835690754,12,25,12,3,0,17
865,251538521716188_511465585723479,0,0,2,0,1,0
866,251538521716188_511423119061059,0,0,0,0,0,1
867,251538521716188_511423912394313,4,0,0,0,5,12
868,251538521716188_510993449104026,12,25,11,3,1,14
869,251538521716188_510362072500497,3,0,0,0,0,8
870,251538521716188_510762165793821,0,0,0,0,0,4
871,251538521716188_510383592498345,0,0,1,0,0,0
872,251538521716188_510332295836808,1,0,3,0,0,0
873,251538521716188_510104762526228,10,50,22,6,0,0
874,251538521716188_509410815928956,0,0,0,0,0,1
875,251538521716188_509393269264044,0,0,0,0,0,28
876,251538521716188_508799165990121,0,2,6,0,0,0
877,251538521716188_508061162730588,2,4,4,0,0,0
878,251538521716188_507979379405433,9,0,0,0,0,0
879,251538521716188_507956846074353,10,33,19,5,0,10
880,251538521716188_506943856175652,9,0,0,0,0,0
881,251538521716188_506979319505439,2,0,2,0,0,0
882,251538521716188_506978712838833,2,0,2,0,0,0
883,251538521716188_506898386180199,0,0,1,0,0,0
884,251538521716188_505613762975328,8,0,0,0,3,0
885,251538521716188_506310236239014,1,3,0,0,0,0
886,251538521716188_506011132935591,9,4,3,1,0,10
887,251538521716188_505981149605256,2,0,0,0,0,8
888,251538521716188_505623599641011,0,0,0,0,0,4
889,251538521716188_505592779644093,8,0,0,0,0,4
890,251538521716188_504766213060083,3,1,1,0,4,0
891,251538521716188_504702009733170,9,10,3,0,0,4
892,251538521716188_504351243101580,1,3,1,1,2,1
893,251538521716188_504311379772233,0,0,0,0,0,0
894,251538521716188_503948639808507,3,0,2,0,0,0
895,251538521716188_503082766561761,9,14,3,0,0,0
896,251538521716188_503520969851274,0,0,0,0,0,1
897,251538521716188_503367466533291,0,0,0,0,1,1
898,251538521716188_503380796531958,0,0,1,0,0,11
899,251538521716188_503315526538485,10,10,3,0,0,7
900,251538521716188_503019873234717,10,53,25,6,0,0
901,251538521716188_502126606657377,1,1,0,0,0,0
902,251538521716188_501843176685720,1,3,2,0,0,1
903,251538521716188_501777800025591,0,0,0,0,0,8
904,251538521716188_501471736722864,0,1,0,0,0,3
905,251538521716188_499772240226147,14,33,0,2,0,41
906,251538521716188_501086073428097,0,19,1,0,0,13
907,251538521716188_499553810247990,0,0,0,0,0,18
908,251538521716188_499752243561480,4,8,3,1,0,5
909,251538521716188_499497843586920,6,11,0,2,0,1
910,251538521716188_499111376958900,0,0,0,0,0,0
911,251538521716188_498886313648073,0,0,0,0,0,12
912,251538521716188_498795860323785,10,58,24,7,0,1
913,251538521716188_498443573692347,2,0,1,0,0,5
914,251538521716188_498391720364199,1,0,2,0,0,3
915,251538521716188_497868233749881,9,16,15,3,0,14
916,251538521716188_497524487117589,5,0,0,0,3,8
917,251538521716188_497302060473165,0,0,0,0,0,0
918,251538521716188_497194857150552,9,10,7,3,2,0
919,251538521716188_496526070550764,9,37,17,7,0,28
920,251538521716188_496458393890865,0,0,0,0,0,0
921,251538521716188_494761007393937,3,2,5,0,4,0
922,251538521716188_496243317245706,1,1,0,0,0,1
923,251538521716188_496030367267001,0,1,1,0,1,3
924,251538521716188_495108497359188,11,37,22,8,0,0
925,251538521716188_495065074030197,4,0,15,0,0,8
926,251538521716188_494760657393972,6,0,10,0,0,1
927,251538521716188_494509330752438,0,0,3,0,0,8
928,251538521716188_494520994084605,2,0,0,0,3,0
929,251538521716188_494251840778187,0,9,18,6,0,0
930,251538521716188_494222270781144,12,28,15,2,0,2
931,251538521716188_493253620878009,1,0,4,0,0,0
932,251538521716188_493042510899120,2,3,13,2,0,0
933,251538521716188_492928297577208,2,4,9,1,1,0
934,251538521716188_492794844257220,9,27,0,1,0,4
935,251538521716188_492382724298432,3,0,0,1,5,19
936,251538521716188_492109254325779,11,17,0,3,0,2
937,251538521716188_492400620963309,11,23,15,2,0,2
938,251538521716188_492050697664968,0,3,22,1,0,18
939,251538521716188_491766067693431,0,0,6,0,1,3
940,251538521716188_491215161081855,0,0,0,0,1,7
941,251538521716188_490345104502194,15,18,8,0,2,9
942,251538521716188_490313207838717,4,5,4,0,1,21
943,251538521716188_489979291205442,7,7,4,1,3,10
944,251538521716188_489141771289194,0,0,0,0,0,0
945,251538521716188_489075044629200,6,0,6,0,0,0
946,251538521716188_488123351391036,0,3,1,0,0,6
947,251538521716188_487825518087486,11,38,22,9,0,0
948,251538521716188_488458811357490,7,18,8,4,0,3
949,251538521716188_488405884696116,6,13,7,4,0,12
950,251538521716188_488420074694697,2,0,0,1,7,9
951,251538521716188_488067471396624,0,0,0,0,0,0
952,251538521716188_487860738083964,4,0,0,0,2,0
953,251538521716188_488068728063165,1,0,3,0,2,7
954,251538521716188_487807738089264,9,19,5,3,0,7
955,251538521716188_487862478083790,0,0,0,0,0,10
956,251538521716188_487373434799361,2,0,2,0,0,3
957,251538521716188_486609391542432,14,26,2,0,2,0
958,251538521716188_486407101562661,0,0,0,0,0,0
959,251538521716188_486358651567506,9,0,0,0,2,23
960,251538521716188_485911718278866,1,0,1,0,6,6
961,251538521716188_485932684943436,0,2,1,1,0,18
962,251538521716188_485481228321915,1,0,1,0,6,6
963,251538521716188_484236838446354,16,19,23,5,8,31
964,251538521716188_484010851802286,1,0,1,0,6,6
965,251538521716188_483642445172460,0,2,1,1,1,15
966,251538521716188_483317711871600,1,0,0,1,3,9
967,251538521716188_483686128501425,0,4,0,1,0,0
968,251538521716188_483319081871463,1,0,1,0,6,6
969,251538521716188_483383378531700,0,4,0,1,0,0
970,251538521716188_483311231872248,4,0,0,0,2,8
971,251538521716188_483009525235752,1,0,1,0,6,6
972,251538521716188_482978438572194,0,4,0,1,0,0
973,251538521716188_482226571980714,1,0,1,0,6,6
974,251538521716188_482514605285244,1,0,0,0,6,6
975,251538521716188_482436001959771,2,0,0,0,0,2
976,251538521716188_482420351961336,1,0,1,0,6,6
977,251538521716188_482216611981710,2,2,0,0,3,4
978,251538521716188_481903282013043,1,0,0,0,6,6
979,251538521716188_481576875379017,7,13,10,1,0,24
980,251538521716188_481226575414047,1,0,0,0,6,6
981,251538521716188_481159155420789,7,13,10,1,0,24
982,251538521716188_480880628781975,1,0,1,0,6,6
983,251538521716188_480803538789684,7,10,6,1,0,17
984,251538521716188_479844912218880,1,0,0,0,6,6
985,251538521716188_479317472271624,1,0,4,0,0,28
986,251538521716188_479313888938649,1,0,0,0,6,6
987,251538521716188_479259522277419,1,0,1,0,6,6
988,251538521716188_479295395607165,3,0,0,0,6,6
989,251538521716188_479050505631654,2,2,5,1,0,5
990,251538521716188_478738912329480,5,0,3,1,4,1
991,251538521716188_475798062623565,28,28,13,9,12,24
992,251538521716188_477637355772969,0,3,2,1,0,1
993,251538521716188_476464685890236,8,17,6,2,1,11
994,251538521716188_475812362622135,16,0,4,1,2,0
995,251538521716188_476426439227394,0,0,0,0,0,7
996,251538521716188_476087842594587,17,27,15,8,4,22
997,251538521716188_475797862623585,0,2,2,0,2,1
998,251538521716188_475632732640098,0,3,0,1,0,12
999,251538521716188_475472592656112,1,0,2,0,1,15
1000,251538521716188_474815199388518,3,0,3,0,1,4
1001,251538521716188_473395289530509,6,0,2,0,0,3
1002,251538521716188_473979909472047,14,25,11,1,0,2
1003,251538521716188_473570612846310,2,0,6,4,0,9
1004,251538521716188_472738422929529,0,0,1,0,0,14
1005,251538521716188_472511872952184,3,0,0,0,0,4
1006,251538521716188_471530776383627,0,0,0,0,0,4
1007,251538521716188_469446096592095,11,35,22,8,0,0
1008,251538521716188_470528823150489,0,3,1,1,0,10
1009,251538521716188_469450436591661,7,15,5,1,0,14
1010,251538521716188_469438323259539,13,17,7,4,0,1
1011,251538521716188_469188259951212,0,0,5,0,3,0
1012,251538521716188_468834476653257,1,0,3,0,0,20
1013,251538521716188_468231866713518,0,0,2,0,0,3
1014,251538521716188_468500346686670,1,0,2,1,1,29
1015,251538521716188_468207493382622,0,0,1,0,2,14
1016,251538521716188_468205186716186,1,0,0,0,0,2
1017,251538521716188_467311160138922,12,27,11,1,0,0
1018,251538521716188_466679910202047,2,0,4,2,2,21
1019,251538521716188_465151343688237,2,0,2,1,2,23
1020,251538521716188_465611766975528,1,3,11,1,2,1
1021,251538521716188_465174753685896,6,0,0,0,2,9
1022,251538521716188_464639097072795,0,0,0,0,0,0
1023,251538521716188_464633993739972,1,0,5,0,0,2
1024,251538521716188_464019350468103,0,3,0,1,0,14
1025,251538521716188_464117347124970,8,13,2,0,0,7
1026,251538521716188_463569920513046,1,0,4,0,0,6
1027,251538521716188_463164987220206,19,17,19,12,0,6
1028,251538521716188_463487823854589,0,0,0,0,0,7
1029,251538521716188_463139650556073,0,0,3,0,0,5
1030,251538521716188_463117907224914,1,0,6,0,2,10
1031,251538521716188_458360231034015,0,0,2,0,0,0
1032,251538521716188_462514993951872,1,0,5,0,2,20
1033,251538521716188_461711240698914,1,0,5,0,2,14
1034,251538521716188_461582884045083,1,0,8,0,2,12
1035,251538521716188_458735640996474,6,0,0,1,0,0
1036,251538521716188_461255727411132,1,0,8,0,2,10
1037,251538521716188_457199691150069,10,33,22,8,0,15
1038,251538521716188_458360057700699,10,0,2,0,1,0
1039,251538521716188_459771150892923,3,0,0,0,0,19
1040,251538521716188_459763070893731,4,0,0,0,3,2
1041,251538521716188_459741084229263,9,0,0,1,0,0
1042,251538521716188_459183460951692,4,4,5,3,0,0
1043,251538521716188_459023204301051,10,0,0,0,8,0
1044,251538521716188_458849904318381,0,0,0,1,0,12
1045,251538521716188_458797727656932,2,0,0,0,0,11
1046,251538521716188_457135917823113,2,0,0,0,0,10
1047,251538521716188_458317787704926,2,0,7,3,1,32
1048,251538521716188_458313264372045,2,0,0,1,0,2
1049,251538521716188_458010874402284,0,0,0,0,1,2
1050,251538521716188_457114641158574,1,0,0,1,0,0
1051,251538521716188_458003994402972,1,0,0,0,0,12
1052,251538521716188_457622571107781,0,0,0,0,0,18
1053,251538521716188_457199591150079,16,1,3,0,7,10
1054,251538521716188_457502924453079,7,14,7,4,0,21
1055,251538521716188_457604671109571,0,0,9,0,0,13
1056,251538521716188_457212577815447,4,0,0,0,0,2
1057,251538521716188_457198487816856,5,0,8,0,4,0
1058,251538521716188_456138021256236,0,0,0,0,0,8
1059,251538521716188_454947391375299,3,0,0,0,0,0
1060,251538521716188_456033581266680,1,7,8,3,0,7
1061,251538521716188_454980364705335,0,0,0,0,6,0
1062,251538521716188_455327054670666,13,0,3,0,1,0
1063,251538521716188_454937481376290,2,0,0,0,0,0
1064,251538521716188_454925934710778,2,0,0,0,9,2
1065,251538521716188_453363651533673,20,0,12,1,0,0
1066,251538521716188_452254311644607,2,0,2,2,6,11
1067,251538521716188_452190101651028,7,37,20,10,0,27
1068,251538521716188_452180078318697,8,23,9,3,0,12
1069,251538521716188_452505694952802,8,13,1,0,0,1
1070,251538521716188_452986618238043,0,3,4,2,1,9
1071,251538521716188_452201521649886,8,22,0,2,0,14
1072,251538521716188_451939495009422,5,0,3,2,1,16
1073,251538521716188_447993452070693,4,0,0,1,3,1
1074,251538521716188_447992828737422,1,0,2,0,0,14
1075,251538521716188_449786118558093,0,0,1,0,9,1
1076,251538521716188_447991995404172,6,25,13,4,0,14
1077,251538521716188_447679398768765,0,0,0,0,0,0
1078,251538521716188_447908318745873,9,0,3,0,1,0
1079,251538521716188_447671672102871,7,24,13,3,0,12
1080,251538521716188_447679038768801,0,0,0,0,0,0
1081,251538521716188_444321155771256,0,0,0,0,9,0
1082,251538521716188_447430915460280,0,3,0,1,0,9
1083,251538521716188_447415028795202,19,0,8,0,1,0
1084,251538521716188_447173618819343,12,23,20,1,0,8
1085,251538521716188_444770075726364,2,0,2,1,0,6
1086,251538521716188_443578802512158,5,19,6,4,0,4
1087,251538521716188_444769952393043,5,0,0,0,0,0
1088,251538521716188_445438008992904,6,20,7,3,0,10
1089,251538521716188_444764989060206,0,0,0,0,0,0
1090,251538521716188_445115455691826,4,1,0,0,0,2
1091,251538521716188_445104692359569,4,1,0,0,0,12
1092,251538521716188_444588732411165,1,0,3,0,3,0
1093,251538521716188_444587475744624,0,0,0,0,0,11
1094,251538521716188_443620962507942,0,0,0,0,1,1
1095,251538521716188_444553595748012,0,0,0,0,7,5
1096,251538521716188_444039832466055,0,7,3,2,0,32
1097,251538521716188_444566492413389,4,0,0,1,5,1
1098,251538521716188_444258542444184,3,0,2,2,7,6
1099,251538521716188_443620765841295,1,0,0,0,6,1
1100,251538521716188_443578595845512,3,0,0,2,2,4
1101,251538521716188_443823032487735,0,0,0,0,1,0
1102,251538521716188_443546475848724,3,0,0,0,1,0
1103,251538521716188_442273369309368,2,10,8,2,0,0
1104,251538521716188_442273045976067,16,0,4,0,2,0
1105,251538521716188_442515459285159,0,0,0,0,1,8
1106,251538521716188_442272929309412,7,0,0,0,3,0
1107,251538521716188_442285995974772,0,0,0,0,6,12
1108,251538521716188_442282469308458,1,3,3,1,0,16
1109,251538521716188_442010279335677,32,0,14,0,3,0
1110,251538521716188_441805189356186,0,0,0,0,0,10
1111,251538521716188_441773686026003,12,29,9,1,0,14
1112,251538521716188_441047136098658,1,0,0,0,0,18
1113,251538521716188_439370136266358,2,1,0,0,0,8
1114,251538521716188_439369446266427,7,8,4,3,0,0
1115,251538521716188_439599442910094,0,4,4,1,4,27
1116,251538521716188_439523526251019,1,0,0,0,0,5
1117,251538521716188_439542526249119,0,0,0,0,0,0
1118,251538521716188_439544209582284,7,1,0,3,1,6
1119,251538521716188_439370262933012,3,13,4,2,0,0
1120,251538521716188_439034869633218,0,0,0,0,0,5
1121,251538521716188_439083816294990,9,27,9,1,2,4
1122,251538521716188_436969193173119,11,36,20,7,0,13
1123,251538521716188_436952753174763,1,3,0,1,0,20
1124,251538521716188_436953476508024,1,1,0,0,2,9
1125,251538521716188_437592479777457,3,2,0,2,4,21
1126,251538521716188_436953026508069,8,18,5,3,0,0
1127,251538521716188_437341436469228,3,0,0,0,8,4
1128,251538521716188_437345526468819,0,0,0,0,0,26
1129,251538521716188_436980579838647,0,0,0,0,1,12
1130,251538521716188_436927849843920,8,21,3,2,0,3
1131,251538521716188_435931419943563,0,0,0,0,3,0
1132,251538521716188_435883809948324,7,1,6,0,5,3
1133,251538521716188_435675686635803,6,1,6,0,5,3
1134,251538521716188_435437036659668,10,19,6,2,1,11
1135,251538521716188_435450606658311,0,0,2,0,0,4
1136,251538521716188_435429043327134,2,1,0,2,1,10
1137,251538521716188_435218956681476,0,0,0,0,5,10
1138,251538521716188_435211700015535,7,18,1,1,0,13
1139,251538521716188_433535516849820,0,0,1,0,0,3
1140,251538521716188_433667960169909,13,7,6,0,3,13
1141,251538521716188_433404950196210,3,0,0,0,2,0
1142,251538521716188_433390806864291,6,18,6,1,0,6
1143,251538521716188_432711003598938,1,0,3,0,3,6
1144,251538521716188_432648160271889,8,0,3,0,1,1
1145,251538521716188_432644256938946,6,18,6,1,0,6
1146,251538521716188_432110316992340,0,4,0,2,0,10
1147,251538521716188_432086126994759,13,30,12,6,1,21
1148,251538521716188_431761307027241,0,0,0,0,0,7
1149,251538521716188_431641620372543,2,0,0,0,6,6
1150,251538521716188_431392757064096,8,0,2,0,1,0
1151,251538521716188_431393697064002,1,0,9,0,2,16
1152,251538521716188_431391970397508,13,0,4,0,1,0
1153,251538521716188_431346143735424,15,0,5,0,1,0
1154,251538521716188_430637227139649,6,16,11,2,0,5
1155,251538521716188_431000913769947,14,31,12,7,1,34
1156,251538521716188_430995430437162,0,1,6,4,2,9
1157,251538521716188_430660653803973,6,0,2,0,1,0
1158,251538521716188_430197957183576,7,0,4,0,0,15
1159,251538521716188_429877540548951,8,4,7,2,1,18
1160,251538521716188_429767023893336,0,0,0,0,0,14
1161,251538521716188_429533997249972,10,22,10,6,0,3
1162,251538521716188_429586447244727,16,0,11,14,2,11
1163,251538521716188_429524190584286,1,0,0,0,0,15
1164,251538521716188_429483960588309,7,25,9,2,0,8
1165,251538521716188_429055283964510,0,0,4,0,1,17
1166,251538521716188_428777907325581,1,4,5,1,0,7
1167,251538521716188_428569584013080,11,19,7,2,1,8
1168,251538521716188_428332997370072,2,0,2,1,2,19
1169,251538521716188_427968457406526,4,2,0,0,0,9
1170,251538521716188_428092130727492,7,17,8,2,0,22
1171,251538521716188_427961364073902,8,23,11,1,0,2
1172,251538521716188_427967834073255,11,1,0,2,3,0
1173,251538521716188_427279664142072,9,22,13,2,0,0
1174,251538521716188_427011080835597,6,0,0,0,0,0
1175,251538521716188_426624240874281,3,1,0,2,3,2
1176,251538521716188_426450097558362,7,11,11,1,0,0
1177,251538521716188_425820477621324,6,21,3,7,0,0
1178,251538521716188_425129951023710,0,0,0,0,0,0
1179,251538521716188_425845850952120,2,4,5,0,0,32
1180,251538521716188_425575890979116,0,4,1,6,0,1
1181,251538521716188_425409267662445,1,0,4,0,0,12
1182,251538521716188_425535614316477,2,0,3,1,2,29
1183,251538521716188_425167171019988,0,1,2,1,0,10
1184,251538521716188_425129807690391,6,1,0,0,3,9
1185,251538521716188_424967631039942,10,31,12,6,1,13
1186,251538521716188_424963147707057,4,1,0,0,1,7
1187,251538521716188_424486977754674,9,14,12,1,0,0
1188,251538521716188_424485217754850,7,18,0,7,0,0
1189,251538521716188_424055347797837,8,0,0,1,0,4
1190,251538521716188_423832257820146,5,0,3,0,0,19
1191,251538521716188_423444277858944,5,3,4,4,0,7
1192,251538521716188_423809721155733,0,6,6,1,0,49
1193,251538521716188_423443687859003,6,17,0,5,0,12
1194,251538521716188_423606041176101,6,26,6,1,0,3
1195,251538521716188_423211827882189,1,0,0,0,2,12
1196,251538521716188_422635701273135,0,0,4,0,0,30
1197,251538521716188_422211857982186,7,12,7,1,0,12
1198,251538521716188_421997681336937,1,0,1,1,1,25
1199,251538521716188_421995544670484,10,2,1,1,5,10
1200,251538521716188_421989894671049,15,34,15,2,0,13
1201,251538521716188_421948714675167,12,21,2,5,0,14
1202,251538521716188_421644291372276,0,2,7,1,0,2
1203,251538521716188_421464101390295,5,4,4,0,0,9
1204,251538521716188_421194594750579,4,0,9,0,4,45
1205,251538521716188_420926521444053,10,21,0,6,0,2
1206,251538521716188_420900798113292,9,20,5,2,0,9
1207,251538521716188_420457901490915,0,0,0,0,0,6
1208,251538521716188_420623771474328,10,39,19,9,0,0
1209,251538521716188_420423904827648,0,5,4,1,0,0
1210,251538521716188_420423088161063,0,4,3,1,1,11
1211,251538521716188_419450254925013,0,0,1,0,3,20
1212,251538521716188_420266301510075,2,0,3,0,0,3
1213,251538521716188_419814381555267,9,1,1,0,3,6
1214,251538521716188_419674891569216,0,0,0,0,0,0
1215,251538521716188_419507788252593,0,3,3,1,0,9
1216,251538521716188_419444924925546,11,27,11,3,0,5
1217,251538521716188_419473781589327,0,0,0,0,2,8
1218,251538521716188_419319081604797,2,8,3,2,0,5
1219,251538521716188_419317938271578,6,0,4,2,0,11
1220,251538521716188_419302004939838,0,0,2,0,2,18
1221,251538521716188_419134578289914,7,12,8,1,0,0
1222,251538521716188_419104401626265,4,0,1,0,6,10
1223,251538521716188_418879464982092,0,0,0,0,0,12
1224,251538521716188_418912314978807,5,31,19,6,0,8
1225,251538521716188_418128528390519,2,0,1,0,0,19
1226,251538521716188_417521111784594,1,3,3,1,1,52
1227,251538521716188_417537735116265,6,18,1,3,0,0
1228,251538521716188_417278778475494,1,0,1,0,0,2
1229,251538521716188_416570661879639,13,34,24,3,0,0
1230,251538521716188_416167388586633,1,9,2,1,0,18
1231,251538521716188_416043458599026,12,21,6,2,2,5
1232,251538521716188_416058661930839,12,28,24,5,0,2
1233,251538521716188_414780538725318,1,10,1,3,0,8
1234,251538521716188_414602395409799,9,24,0,2,0,5
1235,251538521716188_414499545420084,3,7,0,1,0,5
1236,251538521716188_414078315462207,4,3,1,5,0,13
1237,251538521716188_413363345533704,3,1,3,2,3,0
1238,251538521716188_413065125563526,7,14,1,3,0,9
1239,251538521716188_412989512237754,1,6,11,2,1,33
1240,251538521716188_412984272238278,0,0,0,0,6,2
1241,251538521716188_412515165618522,3,1,5,2,3,4
1242,251538521716188_412106232326082,7,14,1,3,0,8
1243,251538521716188_412136292323076,2,3,7,1,0,10
1244,251538521716188_411403272396378,9,20,1,7,0,5
1245,251538521716188_410555692481136,1,0,0,0,0,0
1246,251538521716188_411199535750085,0,0,1,0,6,6
1247,251538521716188_410555452481160,3,3,2,1,0,12
1248,251538521716188_410809865789052,3,1,0,0,0,21
1249,251538521716188_410687749134597,0,3,0,1,0,42
1250,251538521716188_410267185843320,6,22,26,2,0,14
1251,251538521716188_410266002510105,0,1,0,0,0,12
1252,251538521716188_410052409198131,5,0,2,0,0,22
1253,251538521716188_409456339257738,3,0,0,0,1,18
1254,251538521716188_409306965939342,15,36,30,5,0,0
1255,251538521716188_409039632632742,0,0,5,0,0,28
1256,251538521716188_409030805966958,9,0,2,0,1,0
1257,251538521716188_408795185990520,9,23,5,2,0,6
1258,251538521716188_408614232675282,3,10,2,1,0,5
1259,251538521716188_408575282679177,3,3,1,2,2,27
1260,251538521716188_408462156023823,1,0,2,0,1,15
1261,251538521716188_408370649366307,13,33,11,1,2,8
1262,251538521716188_408353706034668,0,0,0,0,0,15
1263,251538521716188_408095036060535,1,1,0,0,0,0
1264,251538521716188_407931286076910,0,0,0,0,0,16
1265,251538521716188_407776856092353,0,3,0,1,0,10
1266,251538521716188_407424389460933,1,4,0,1,0,11
1267,251538521716188_407243152812390,9,23,4,3,0,1
1268,251538521716188_407161096153929,8,16,11,3,2,0
1269,251538521716188_406961006173938,5,52,22,11,0,9
1270,251538521716188_406700519533320,0,3,9,1,0,18
1271,251538521716188_406700332866672,0,0,2,0,0,9
1272,251538521716188_406677659535606,2,0,6,1,2,3
1273,251538521716188_404683016401737,2,0,0,1,3,1
1274,251538521716188_404692016400837,0,1,2,0,0,18
1275,251538521716188_404689313067774,3,2,6,1,0,0
1276,251538521716188_404280289775343,1,0,0,0,0,4
1277,251538521716188_403623633174342,0,2,5,2,0,0
1278,251538521716188_403536569849715,0,0,0,0,0,23
1279,251538521716188_402939739909398,15,40,14,23,0,0
1280,251538521716188_402952713241434,2,0,0,0,5,1
1281,251538521716188_402749153261790,0,3,0,1,0,12
1282,251538521716188_402704786599560,2,2,1,1,0,0
1283,251538521716188_402671089936263,3,0,0,0,0,18
1284,251538521716188_402519796618059,6,5,2,1,0,11
1285,251538521716188_402082296661809,0,0,0,0,0,10
1286,251538521716188_401869430016429,11,21,6,4,0,10
1287,251538521716188_401808853355820,4,0,0,0,0,16
1288,251538521716188_401373643399341,9,24,18,0,0,24
1289,251538521716188_401522633384442,1,3,5,0,0,2
1290,251538521716188_400890716780967,3,0,4,0,0,15
1291,251538521716188_399981573538548,8,16,11,3,3,0
1292,251538521716188_399974480205924,9,0,2,0,0,6
1293,251538521716188_400272650176107,2,0,1,0,5,2
1294,251538521716188_400119246858114,0,0,0,0,1,1
1295,251538521716188_400016563535049,9,24,28,2,2,7
1296,251538521716188_399770016893037,0,0,0,1,2,22
1297,251538521716188_399828973553808,0,0,0,0,0,4
1298,251538521716188_399338696936169,1,0,1,0,0,5
1299,251538521716188_398523747017664,2,0,5,0,1,0
1300,251538521716188_398522197017819,13,0,4,0,0,0
1301,251538521716188_398506880352684,6,13,5,2,0,14
1302,251538521716188_397758533760852,0,2,4,0,0,16
1303,251538521716188_397606607109378,7,18,1,3,0,12
1304,251538521716188_397367737133265,7,0,0,0,2,13
1305,251538521716188_396384023898303,16,47,15,18,0,0
1306,251538521716188_397124007157638,0,0,0,0,0,1
1307,251538521716188_396383953898310,1,5,5,1,0,13
1308,251538521716188_396383603898345,2,6,2,1,1,11
1309,251538521716188_395652417304797,16,48,15,20,0,0
1310,251538521716188_395361407333898,0,0,0,1,0,1
1311,251538521716188_393983734138332,1,1,1,1,0,1
1312,251538521716188_394720514064654,1,1,0,0,0,0
1313,251538521716188_393983564138349,8,14,6,2,0,9
1314,251538521716188_394250830778289,5,1,0,0,9,0
1315,251538521716188_394318504104855,0,3,1,1,0,31
1316,251538521716188_393983354138370,8,20,15,10,1,23
1317,251538521716188_394252884111417,5,1,0,0,10,3
1318,251538521716188_393983130805059,0,1,7,1,6,2
1319,251538521716188_393863327483706,9,15,5,2,1,1
1320,251538521716188_393862850817087,0,0,0,0,1,6
1321,251538521716188_393758194160886,0,0,0,0,1,0
1322,251538521716188_393061390897233,2,55,29,10,0,10
1323,251538521716188_392975320905840,0,3,7,1,0,5
1324,251538521716188_392844107585628,0,0,0,0,5,2
1325,251538521716188_392825867587452,0,3,3,1,0,22
1326,251538521716188_392755240927848,2,3,5,1,0,45
1327,251538521716188_391932471010125,13,13,7,4,0,2
1328,251538521716188_391944057675633,0,0,2,0,2,0
1329,251538521716188_387678828102156,7,12,6,2,0,0
1330,251538521716188_389042031299169,15,12,11,1,1,0
1331,251538521716188_386491601554212,2,0,4,0,2,18
1332,251538521716188_388986531304719,1,0,0,0,0,8
1333,251538521716188_386359931567379,0,0,1,0,0,26
1334,251538521716188_386347841568588,2,3,4,0,0,19
1335,251538521716188_387678621435510,6,61,27,10,0,12
1336,251538521716188_386327634903942,1,0,0,0,0,14
1337,251538521716188_386907274845978,9,56,27,11,1,6
1338,251538521716188_384865168383522,6,17,4,3,0,18
1339,251538521716188_384698738400165,15,12,14,4,1,0
1340,251538521716188_384675791735793,0,0,0,0,0,17
1341,251538521716188_383971571806215,1,0,0,1,1,2
1342,251538521716188_380812515455454,15,12,13,1,1,9
1343,251538521716188_382760938593945,2,0,0,0,1,2
1344,251538521716188_382038268666212,3,0,9,1,6,32
1345,251538521716188_381301322073240,0,0,8,0,0,10
1346,251538521716188_380573955479310,12,0,4,0,0,0
1347,251538521716188_380805782122794,6,0,7,0,1,5
1348,251538521716188_380572395479466,7,10,8,2,0,6
1349,251538521716188_380592865477419,3,1,7,0,2,8
1350,251538521716188_379543018915737,45,0,8,0,0,0
1351,251538521716188_378664492336923,2,0,0,0,1,9
1352,251538521716188_373921749477864,5,64,26,12,0,8
1353,251538521716188_374234992779873,1,0,2,0,0,6
1354,251538521716188_372612142942158,122,0,73,0,0,0
1355,251538521716188_372460829623956,2,0,0,0,0,8
1356,251538521716188_372137062989666,1,4,10,1,2,0
1357,251538521716188_372099412993431,27,35,27,10,1,12
1358,251538521716188_371990229671016,0,4,0,0,0,22
1359,251538521716188_371960949673944,0,0,3,0,1,5
1360,251538521716188_371701086366597,2,3,1,0,1,0
1361,251538521716188_371031239766915,0,0,0,0,1,5
1362,251538521716188_370405413162831,30,32,20,9,1,15
1363,251538521716188_370405706496135,8,1,9,4,1,7
1364,251538521716188_370393569830682,31,0,12,0,0,0
1365,251538521716188_370181566518549,1,3,4,1,0,66
1366,251538521716188_370182269851812,4,1,5,0,0,11
1367,251538521716188_369993516537354,6,25,15,0,0,28
1368,251538521716188_369073253296047,8,1,5,0,5,2
1369,251538521716188_368458213357551,38,0,30,0,0,0
1370,251538521716188_368453693358003,17,0,6,0,0,0
1371,251538521716188_368288700041169,5,0,1,0,1,6
1372,251538521716188_367730443430328,0,3,5,1,0,10
1373,251538521716188_366880000182039,10,0,0,0,0,7
1374,251538521716188_366780146858691,0,0,0,0,4,10
1375,251538521716188_366709520199087,0,0,4,0,3,0
1376,251538521716188_366517893551583,2,3,2,1,3,10
1377,251538521716188_366431630226876,0,2,4,0,0,11
1378,251538521716188_366127310257308,5,62,28,12,0,8
1379,251538521716188_365891936947512,1,0,9,0,2,42
1380,251538521716188_363924587144247,79,0,48,0,0,0
1381,251538521716188_363608977175808,0,0,0,0,0,0
1382,251538521716188_362079057328800,0,0,0,0,1,18
1383,251538521716188_362801007256605,0,0,1,0,0,1
1384,251538521716188_362588710611168,23,0,8,0,0,0
1385,251538521716188_362078027328903,2,0,5,0,2,16
1386,251538521716188_362077390662300,31,68,23,15,2,17
1387,251538521716188_362076637329042,1,0,3,0,0,23
1388,251538521716188_362072073996165,54,0,24,0,0,0
1389,251538521716188_361851157351590,0,0,0,0,1,9
1390,251538521716188_360082660861773,2,0,0,0,0,22
1391,251538521716188_360402397496466,0,4,8,1,2,7
1392,251538521716188_360088700861169,0,0,1,0,1,12
1393,251538521716188_358577224345650,0,4,8,1,2,2
1394,251538521716188_357943901075649,1,4,11,1,2,10
1395,251538521716188_357886284414744,7,3,1,0,0,14
1396,251538521716188_357630014440371,0,3,4,1,0,1
1397,251538521716188_357600697776636,1,0,10,0,3,31
1398,251538521716188_356673737869332,19,0,6,0,0,0
1399,251538521716188_356487647887941,1,0,0,0,1,7
1400,251538521716188_356450347891671,3,1,0,2,1,1
1401,251538521716188_356058594597513,6,62,26,12,0,8
1402,251538521716188_355472434656129,0,0,0,0,1,5
1403,251538521716188_352226484980724,2,0,0,0,6,4
1404,251538521716188_352116744991698,102,0,55,0,0,0
1405,251538521716188_351635475039825,11,67,23,11,0,8
1406,251538521716188_351591661710873,15,0,3,0,0,0
1407,251538521716188_351325088404197,16,1,5,0,0,0
1408,251538521716188_350853425118030,10,0,11,0,0,0
1409,251538521716188_350417988494907,5,0,3,0,0,0
1410,251538521716188_350674325135940,0,0,0,0,1,0
1411,251538521716188_350417475161625,26,1,10,0,0,0
1412,251538521716188_350308135172559,7,0,11,0,0,0
1413,251538521716188_350300595173313,0,0,0,0,0,1
1414,251538521716188_350027755200597,0,0,0,0,0,3
1415,251538521716188_349996125203760,2,0,0,0,0,8
1416,251538521716188_348029028733803,1,0,0,0,0,23
1417,251538521716188_347528148783891,10,0,7,0,0,0
1418,251538521716188_346885428848163,0,2,0,0,1,17
1419,251538521716188_346504262219613,1,0,0,0,0,13
1420,251538521716188_345133015690071,0,0,0,0,1,1
1421,251538521716188_344535519083154,47,1,16,0,1,0
1422,251538521716188_343718652498174,0,0,0,0,0,0
1423,251538521716188_343360339200672,8,11,0,2,0,7
1424,251538521716188_342372012632838,0,0,0,0,2,9
1425,251538521716188_340394966163876,65,1,18,0,0,0
1426,251538521716188_340331212836918,2,0,2,0,0,0
1427,251538521716188_339783729558333,0,0,0,0,0,0
1428,251538521716188_338682069668499,1,1,0,1,0,14
1429,251538521716188_338398836363489,1,0,0,0,0,2
1430,251538521716188_338122623057777,0,0,0,0,0,0
1431,251538521716188_335905069946199,0,1,0,0,0,6
1432,251538521716188_334871243382915,2,0,2,1,2,27
1433,251538521716188_334088730127833,16,52,11,2,3,32
1434,251538521716188_332431703626869,2,0,0,0,1,1
1435,251538521716188_332396570297049,2,0,0,0,2,0
1436,251538521716188_331847563685283,0,0,0,0,0,8
1437,251538521716188_331785717024801,0,1,0,0,0,5
1438,251538521716188_330446350492071,13,0,4,0,0,0
1439,251538521716188_329928707210502,18,0,0,0,1,18
1440,251538521716188_329439863926053,0,0,0,0,0,0
1441,251538521716188_329395037263869,0,2,0,0,0,10
1442,251538521716188_328831373986902,28,0,6,0,0,0
1443,251538521716188_327935737409799,135,0,66,0,0,0
1444,251538521716188_327579080778798,7,15,5,1,0,3
1445,251538521716188_326656707537702,0,0,0,0,0,8
1446,251538521716188_326641974205842,27,0,6,0,0,0
1447,251538521716188_326042494265790,7,21,9,2,2,11
1448,251538521716188_325489907654382,0,0,3,0,0,9
1449,251538521716188_325461364323903,7,18,8,2,2,6
1450,251538521716188_324067904463249,9,57,27,11,0,8
1451,251538521716188_323438591192847,0,0,4,1,0,11
1452,251538521716188_322143551322351,6,15,1,2,0,8
1453,251538521716188_321995854670454,0,0,4,0,0,17
1454,251538521716188_321345518068821,0,0,0,0,0,12
1455,251538521716188_319478708255502,5,15,0,2,0,9
1456,251538521716188_319093538294019,3,0,0,0,7,2
1457,251538521716188_318926661644040,0,3,4,0,0,25
1458,251538521716188_318854791651227,18,0,0,0,1,9
1459,251538521716188_318519931684713,0,0,5,0,0,66
1460,251538521716188_318207475049292,7,72,23,13,0,13
1461,251538521716188_316725505197489,0,11,0,0,0,24
1462,251538521716188_316407045229335,6,12,2,2,0,13
1463,251538521716188_316395365230503,7,1,0,0,3,4
1464,251538521716188_316368608566512,0,5,2,0,0,24
1465,251538521716188_316319665238073,5,15,0,2,0,5
1466,251538521716188_316086411928065,1,0,0,1,3,25
1467,251538521716188_315900155280024,5,15,0,2,0,5
1468,251538521716188_315141648689208,6,0,0,2,3,14
1469,251538521716188_314044608798912,10,19,22,0,0,14
1470,251538521716188_313744812162225,5,2,0,0,3,21
1471,251538521716188_313715035498536,13,32,19,0,0,14
1472,251538521716188_313493538854019,3,4,1,0,1,3
1473,251538521716188_313351905534849,1,0,0,0,7,21
1474,251538521716188_312998618903511,6,0,0,2,4,11
1475,251538521716188_312589492277757,2,0,1,0,0,18
1476,251538521716188_311858399017533,13,81,28,15,0,7
1477,251538521716188_311778135692226,1,5,2,2,2,6
1478,251538521716188_311615372375169,2,5,1,0,0,18
1479,251538521716188_311548415715198,7,9,0,2,2,6
1480,251538521716188_311194305750609,0,0,0,2,2,14
1481,251538521716188_310963012440405,1,5,3,1,0,11
1482,251538521716188_310643332472373,4,1,0,1,1,6
1483,251538521716188_309243299279043,0,0,0,1,0,15
1484,251538521716188_308991259304247,6,0,0,2,4,11
1485,251538521716188_307821769421196,0,0,0,0,2,3
1486,251538521716188_307499866120053,1,0,0,0,2,39
1487,251538521716188_307062982830408,0,0,0,0,0,14
1488,251538521716188_307054606164579,0,0,0,2,0,18
1489,251538521716188_306031809600192,0,0,0,0,4,25
1490,251538521716188_305685339634839,15,83,29,14,0,6
1491,251538521716188_305437456326294,1,0,0,1,3,0
1492,251538521716188_305394056330634,9,0,0,0,1,12
1493,251538521716188_305209669682406,9,0,0,0,1,14
1494,251538521716188_304918366378203,7,0,0,4,0,12
1495,251538521716188_304874413049265,9,0,0,0,1,14
1496,251538521716188_304847016385338,9,0,0,0,1,14
1497,251538521716188_304834699719903,5,0,0,2,4,11
1498,251538521716188_304597323076974,9,0,0,0,1,14
1499,251538521716188_304563603080346,8,24,12,3,0,9
1500,251538521716188_304390839764289,9,0,0,0,0,14
1501,251538521716188_304311716438868,12,34,16,11,0,30
1502,251538521716188_304094103127296,5,29,5,3,0,9
1503,251538521716188_304056539797719,8,0,1,0,2,6
1504,251538521716188_304051653131541,6,41,19,2,0,8
1505,251538521716188_303699563166750,1,0,0,0,0,10
1506,251538521716188_303437803192926,4,4,4,1,0,17
1507,251538521716188_303000376570002,8,16,0,3,0,16
1508,251538521716188_302917286578311,1,4,4,0,0,3
1509,251538521716188_302457666624273,1,0,1,0,3,1
1510,251538521716188_302048959998477,7,3,6,1,0,9
1511,251538521716188_302036029999770,7,10,5,1,0,10
1512,251538521716188_301470840056289,8,17,1,3,0,3
1513,251538521716188_301048520098521,0,0,11,0,3,11
1514,251538521716188_300275560175817,0,0,0,0,0,0
1515,251538521716188_300025270200846,0,0,0,0,0,1
1516,251538521716188_299842180219155,4,3,4,1,1,1
1517,251538521716188_299283286941711,7,11,2,1,0,8
1518,251538521716188_299283246941715,11,45,14,11,0,33
1519,251538521716188_299275973609109,1,3,3,1,0,2
1520,251538521716188_298556343681072,0,0,0,0,0,23
1521,251538521716188_298520293684677,9,25,9,4,0,29
1522,251538521716188_298280027042037,0,0,0,0,0,12
1523,251538521716188_298096907060349,1,3,4,1,0,6
1524,251538521716188_298052457064794,1,0,0,0,0,2
1525,251538521716188_297406610462712,0,0,0,0,0,7
1526,251538521716188_296449020558471,2,3,7,1,0,1
1527,251538521716188_295887317281308,0,0,0,0,1,52
1528,251538521716188_295605663976140,5,15,3,2,0,9
1529,251538521716188_294103927459647,0,1,0,0,2,6
1530,251538521716188_294011520802221,5,15,0,2,0,5
1531,251538521716188_292714970931876,5,0,5,0,0,0
1532,251538521716188_292677990935574,0,0,8,1,4,11
1533,251538521716188_292671237602916,2,0,2,0,2,8
1534,251538521716188_292331247636915,4,5,3,1,1,8
1535,251538521716188_291952644341442,0,0,0,0,0,0
1536,251538521716188_291926984344008,10,61,26,13,0,4
1537,251538521716188_291907411012632,0,4,1,1,0,8
1538,251538521716188_291669437703096,0,0,0,0,0,0
1539,251538521716188_290782974458409,0,0,2,4,6,8
1540,251538521716188_289993961203977,0,0,0,0,0,7
1541,251538521716188_289997661203607,0,0,0,0,0,17
1542,251538521716188_289044877965552,2,6,2,2,3,3
1543,251538521716188_288240751379298,0,0,0,0,0,2
1544,251538521716188_283644295172277,5,15,6,1,1,5
1545,251538521716188_280974685439238,0,0,0,0,0,8
1546,251538521716188_280969702106403,2,0,7,0,0,3
1547,251538521716188_280968752106498,5,16,6,1,1,5
1548,251538521716188_280782432125130,7,14,3,1,0,3
1549,251538521716188_280724545464252,0,0,0,0,0,4
1550,251538521716188_280453232158050,0,3,4,0,1,4
1551,251538521716188_280257215510985,0,9,11,3,1,21
1552,251538521716188_280002205536486,2,6,1,2,7,20
1553,251538521716188_279186525618054,9,18,3,3,0,22
1554,251538521716188_276530972550276,1,1,0,0,0,4
1555,251538521716188_276187372584636,6,23,0,3,0,8
1556,251538521716188_275968212606552,0,9,1,3,0,11
1557,251538521716188_275697559300284,5,0,0,0,1,18
1558,251538521716188_274662766070430,9,53,26,3,0,8
1559,251538521716188_274128279457212,12,13,0,2,0,12
1560,251538521716188_272754832927890,0,3,1,1,0,10
1561,251538521716188_272484249621615,7,0,0,0,0,5
1562,251538521716188_272209569649083,0,0,0,0,6,6
1563,251538521716188_271857666350940,7,4,4,1,6,38
1564,251538521716188_271545373048836,2,0,0,0,4,23
1565,251538521716188_270723943130979,1,0,6,0,5,32
1566,251538521716188_270713566465350,0,0,0,0,0,16
